"Frequency","Angle of attack","Chord length","Free-stream velocity","Suction side displacement thickness","Scaled sound pressure level","nominal"
800,0,0.3048,71.3,0.00266337,126.201,"addition"
1000,0,0.3048,71.3,0.00266337,125.201,"addition"
1250,0,0.3048,71.3,0.00266337,125.951,"addition"
1600,0,0.3048,71.3,0.00266337,127.591,"addition"
2000,0,0.3048,71.3,0.00266337,127.461,"addition"
2500,0,0.3048,71.3,0.00266337,125.571,"addition"
3150,0,0.3048,71.3,0.00266337,125.201,"addition"
4000,0,0.3048,71.3,0.00266337,123.061,"addition"
5000,0,0.3048,71.3,0.00266337,121.301,"addition"
6300,0,0.3048,71.3,0.00266337,119.541,"addition"
8000,0,0.3048,71.3,0.00266337,117.151,"addition"
10000,0,0.3048,71.3,0.00266337,115.391,"addition"
12500,0,0.3048,71.3,0.00266337,112.241,"addition"
16000,0,0.3048,71.3,0.00266337,108.721,"addition"
500,0,0.3048,55.5,0.00283081,126.416,"addition"
630,0,0.3048,55.5,0.00283081,127.696,"addition"
800,0,0.3048,55.5,0.00283081,128.086,"addition"
1000,0,0.3048,55.5,0.00283081,126.966,"addition"
1250,0,0.3048,55.5,0.00283081,126.086,"addition"
1600,0,0.3048,55.5,0.00283081,126.986,"addition"
2000,0,0.3048,55.5,0.00283081,126.616,"addition"
2500,0,0.3048,55.5,0.00283081,124.106,"addition"
3150,0,0.3048,55.5,0.00283081,123.236,"addition"
4000,0,0.3048,55.5,0.00283081,121.106,"addition"
5000,0,0.3048,55.5,0.00283081,119.606,"addition"
6300,0,0.3048,55.5,0.00283081,117.976,"addition"
8000,0,0.3048,55.5,0.00283081,116.476,"addition"
10000,0,0.3048,55.5,0.00283081,113.076,"addition"
12500,0,0.3048,55.5,0.00283081,111.076,"addition"
200,0,0.3048,39.6,0.00310138,118.129,"addition"
250,0,0.3048,39.6,0.00310138,119.319,"addition"
315,0,0.3048,39.6,0.00310138,122.779,"addition"
400,0,0.3048,39.6,0.00310138,124.809,"addition"
500,0,0.3048,39.6,0.00310138,126.959,"addition"
630,0,0.3048,39.6,0.00310138,128.629,"addition"
800,0,0.3048,39.6,0.00310138,129.099,"addition"
1000,0,0.3048,39.6,0.00310138,127.899,"addition"
1250,0,0.3048,39.6,0.00310138,125.499,"addition"
1600,0,0.3048,39.6,0.00310138,124.049,"addition"
2000,0,0.3048,39.6,0.00310138,123.689,"addition"
2500,0,0.3048,39.6,0.00310138,121.399,"addition"
3150,0,0.3048,39.6,0.00310138,120.319,"addition"
4000,0,0.3048,39.6,0.00310138,119.229,"addition"
5000,0,0.3048,39.6,0.00310138,117.789,"addition"
6300,0,0.3048,39.6,0.00310138,116.229,"addition"
8000,0,0.3048,39.6,0.00310138,114.779,"addition"
10000,0,0.3048,39.6,0.00310138,112.139,"addition"
12500,0,0.3048,39.6,0.00310138,109.619,"addition"
200,0,0.3048,31.7,0.00331266,117.195,"addition"
250,0,0.3048,31.7,0.00331266,118.595,"addition"
315,0,0.3048,31.7,0.00331266,122.765,"addition"
400,0,0.3048,31.7,0.00331266,125.045,"addition"
500,0,0.3048,31.7,0.00331266,127.315,"addition"
630,0,0.3048,31.7,0.00331266,129.095,"addition"
800,0,0.3048,31.7,0.00331266,129.235,"addition"
1000,0,0.3048,31.7,0.00331266,127.365,"addition"
1250,0,0.3048,31.7,0.00331266,124.355,"addition"
1600,0,0.3048,31.7,0.00331266,122.365,"addition"
2000,0,0.3048,31.7,0.00331266,122.375,"addition"
2500,0,0.3048,31.7,0.00331266,120.755,"addition"
3150,0,0.3048,31.7,0.00331266,119.135,"addition"
4000,0,0.3048,31.7,0.00331266,118.145,"addition"
5000,0,0.3048,31.7,0.00331266,115.645,"addition"
6300,0,0.3048,31.7,0.00331266,113.775,"addition"
8000,0,0.3048,31.7,0.00331266,110.515,"addition"
10000,0,0.3048,31.7,0.00331266,108.265,"addition"
800,1.5,0.3048,71.3,0.00336729,127.122,"addition"
1000,1.5,0.3048,71.3,0.00336729,125.992,"addition"
1250,1.5,0.3048,71.3,0.00336729,125.872,"addition"
1600,1.5,0.3048,71.3,0.00336729,126.632,"addition"
2000,1.5,0.3048,71.3,0.00336729,126.642,"addition"
2500,1.5,0.3048,71.3,0.00336729,124.512,"addition"
3150,1.5,0.3048,71.3,0.00336729,123.392,"addition"
4000,1.5,0.3048,71.3,0.00336729,121.762,"addition"
5000,1.5,0.3048,71.3,0.00336729,119.632,"addition"
6300,1.5,0.3048,71.3,0.00336729,118.122,"addition"
8000,1.5,0.3048,71.3,0.00336729,115.372,"addition"
10000,1.5,0.3048,71.3,0.00336729,113.492,"addition"
12500,1.5,0.3048,71.3,0.00336729,109.222,"addition"
16000,1.5,0.3048,71.3,0.00336729,106.582,"addition"
315,1.5,0.3048,39.6,0.00392107,121.851,"addition"
400,1.5,0.3048,39.6,0.00392107,124.001,"addition"
500,1.5,0.3048,39.6,0.00392107,126.661,"addition"
630,1.5,0.3048,39.6,0.00392107,128.311,"addition"
800,1.5,0.3048,39.6,0.00392107,128.831,"addition"
1000,1.5,0.3048,39.6,0.00392107,127.581,"addition"
1250,1.5,0.3048,39.6,0.00392107,125.211,"addition"
1600,1.5,0.3048,39.6,0.00392107,122.211,"addition"
2000,1.5,0.3048,39.6,0.00392107,122.101,"addition"
2500,1.5,0.3048,39.6,0.00392107,120.981,"addition"
3150,1.5,0.3048,39.6,0.00392107,119.111,"addition"
4000,1.5,0.3048,39.6,0.00392107,117.741,"addition"
5000,1.5,0.3048,39.6,0.00392107,116.241,"addition"
6300,1.5,0.3048,39.6,0.00392107,114.751,"addition"
8000,1.5,0.3048,39.6,0.00392107,112.251,"addition"
10000,1.5,0.3048,39.6,0.00392107,108.991,"addition"
12500,1.5,0.3048,39.6,0.00392107,106.111,"addition"
400,3,0.3048,71.3,0.00425727,127.564,"addition"
500,3,0.3048,71.3,0.00425727,128.454,"addition"
630,3,0.3048,71.3,0.00425727,129.354,"addition"
800,3,0.3048,71.3,0.00425727,129.494,"addition"
1000,3,0.3048,71.3,0.00425727,129.004,"addition"
1250,3,0.3048,71.3,0.00425727,127.634,"addition"
1600,3,0.3048,71.3,0.00425727,126.514,"addition"
2000,3,0.3048,71.3,0.00425727,125.524,"addition"
2500,3,0.3048,71.3,0.00425727,124.024,"addition"
3150,3,0.3048,71.3,0.00425727,121.514,"addition"
4000,3,0.3048,71.3,0.00425727,120.264,"addition"
5000,3,0.3048,71.3,0.00425727,118.134,"addition"
6300,3,0.3048,71.3,0.00425727,116.134,"addition"
8000,3,0.3048,71.3,0.00425727,114.634,"addition"
10000,3,0.3048,71.3,0.00425727,110.224,"addition"
400,3,0.3048,55.5,0.00452492,126.159,"addition"
500,3,0.3048,55.5,0.00452492,128.179,"addition"
630,3,0.3048,55.5,0.00452492,129.569,"addition"
800,3,0.3048,55.5,0.00452492,129.949,"addition"
1000,3,0.3048,55.5,0.00452492,129.329,"addition"
1250,3,0.3048,55.5,0.00452492,127.329,"addition"
1600,3,0.3048,55.5,0.00452492,124.439,"addition"
2000,3,0.3048,55.5,0.00452492,123.069,"addition"
2500,3,0.3048,55.5,0.00452492,122.439,"addition"
3150,3,0.3048,55.5,0.00452492,120.189,"addition"
4000,3,0.3048,55.5,0.00452492,118.689,"addition"
5000,3,0.3048,55.5,0.00452492,117.309,"addition"
6300,3,0.3048,55.5,0.00452492,115.679,"addition"
8000,3,0.3048,55.5,0.00452492,113.799,"addition"
10000,3,0.3048,55.5,0.00452492,112.169,"addition"
315,3,0.3048,39.6,0.00495741,123.312,"addition"
400,3,0.3048,39.6,0.00495741,125.472,"addition"
500,3,0.3048,39.6,0.00495741,127.632,"addition"
630,3,0.3048,39.6,0.00495741,129.292,"addition"
800,3,0.3048,39.6,0.00495741,129.552,"addition"
1000,3,0.3048,39.6,0.00495741,128.312,"addition"
1250,3,0.3048,39.6,0.00495741,125.802,"addition"
1600,3,0.3048,39.6,0.00495741,122.782,"addition"
2000,3,0.3048,39.6,0.00495741,120.532,"addition"
2500,3,0.3048,39.6,0.00495741,120.162,"addition"
3150,3,0.3048,39.6,0.00495741,118.922,"addition"
4000,3,0.3048,39.6,0.00495741,116.792,"addition"
5000,3,0.3048,39.6,0.00495741,115.792,"addition"
6300,3,0.3048,39.6,0.00495741,114.042,"addition"
8000,3,0.3048,39.6,0.00495741,110.652,"addition"
315,3,0.3048,31.7,0.00529514,123.118,"addition"
400,3,0.3048,31.7,0.00529514,125.398,"addition"
500,3,0.3048,31.7,0.00529514,127.548,"addition"
630,3,0.3048,31.7,0.00529514,128.698,"addition"
800,3,0.3048,31.7,0.00529514,128.708,"addition"
1000,3,0.3048,31.7,0.00529514,126.838,"addition"
1250,3,0.3048,31.7,0.00529514,124.838,"addition"
1600,3,0.3048,31.7,0.00529514,122.088,"addition"
2000,3,0.3048,31.7,0.00529514,120.088,"addition"
2500,3,0.3048,31.7,0.00529514,119.598,"addition"
3150,3,0.3048,31.7,0.00529514,118.108,"addition"
4000,3,0.3048,31.7,0.00529514,115.608,"addition"
5000,3,0.3048,31.7,0.00529514,113.858,"addition"
6300,3,0.3048,31.7,0.00529514,109.718,"addition"
250,4,0.3048,71.3,0.00497773,126.395,"addition"
315,4,0.3048,71.3,0.00497773,128.175,"addition"
400,4,0.3048,71.3,0.00497773,129.575,"addition"
500,4,0.3048,71.3,0.00497773,130.715,"addition"
630,4,0.3048,71.3,0.00497773,131.615,"addition"
800,4,0.3048,71.3,0.00497773,131.755,"addition"
1000,4,0.3048,71.3,0.00497773,131.015,"addition"
1250,4,0.3048,71.3,0.00497773,129.395,"addition"
1600,4,0.3048,71.3,0.00497773,126.645,"addition"
2000,4,0.3048,71.3,0.00497773,124.395,"addition"
2500,4,0.3048,71.3,0.00497773,123.775,"addition"
3150,4,0.3048,71.3,0.00497773,121.775,"addition"
4000,4,0.3048,71.3,0.00497773,119.535,"addition"
5000,4,0.3048,71.3,0.00497773,117.785,"addition"
6300,4,0.3048,71.3,0.00497773,116.165,"addition"
8000,4,0.3048,71.3,0.00497773,113.665,"addition"
10000,4,0.3048,71.3,0.00497773,110.905,"addition"
12500,4,0.3048,71.3,0.00497773,107.405,"addition"
250,4,0.3048,39.6,0.00579636,123.543,"addition"
315,4,0.3048,39.6,0.00579636,126.843,"addition"
400,4,0.3048,39.6,0.00579636,128.633,"addition"
500,4,0.3048,39.6,0.00579636,130.173,"addition"
630,4,0.3048,39.6,0.00579636,131.073,"addition"
800,4,0.3048,39.6,0.00579636,130.723,"addition"
1000,4,0.3048,39.6,0.00579636,128.723,"addition"
1250,4,0.3048,39.6,0.00579636,126.343,"addition"
1600,4,0.3048,39.6,0.00579636,123.213,"addition"
2000,4,0.3048,39.6,0.00579636,120.963,"addition"
2500,4,0.3048,39.6,0.00579636,120.233,"addition"
3150,4,0.3048,39.6,0.00579636,118.743,"addition"
4000,4,0.3048,39.6,0.00579636,115.863,"addition"
5000,4,0.3048,39.6,0.00579636,113.733,"addition"
1250,0,0.2286,71.3,0.00214345,128.144,"addition"
1600,0,0.2286,71.3,0.00214345,129.134,"addition"
2000,0,0.2286,71.3,0.00214345,128.244,"addition"
2500,0,0.2286,71.3,0.00214345,128.354,"addition"
3150,0,0.2286,71.3,0.00214345,127.834,"addition"
4000,0,0.2286,71.3,0.00214345,125.824,"addition"
5000,0,0.2286,71.3,0.00214345,124.304,"addition"
6300,0,0.2286,71.3,0.00214345,122.044,"addition"
8000,0,0.2286,71.3,0.00214345,118.024,"addition"
10000,0,0.2286,71.3,0.00214345,118.134,"addition"
12500,0,0.2286,71.3,0.00214345,117.624,"addition"
16000,0,0.2286,71.3,0.00214345,114.984,"addition"
20000,0,0.2286,71.3,0.00214345,114.474,"addition"
315,0,0.2286,55.5,0.00229336,119.540,"addition"
400,0,0.2286,55.5,0.00229336,121.660,"addition"
500,0,0.2286,55.5,0.00229336,123.780,"addition"
630,0,0.2286,55.5,0.00229336,126.160,"addition"
800,0,0.2286,55.5,0.00229336,127.530,"addition"
1000,0,0.2286,55.5,0.00229336,128.290,"addition"
1250,0,0.2286,55.5,0.00229336,127.910,"addition"
1600,0,0.2286,55.5,0.00229336,126.790,"addition"
2000,0,0.2286,55.5,0.00229336,126.540,"addition"
2500,0,0.2286,55.5,0.00229336,126.540,"addition"
3150,0,0.2286,55.5,0.00229336,125.160,"addition"
4000,0,0.2286,55.5,0.00229336,123.410,"addition"
5000,0,0.2286,55.5,0.00229336,122.410,"addition"
6300,0,0.2286,55.5,0.00229336,118.410,"addition"
315,0,0.2286,39.6,0.00253511,121.055,"addition"
400,0,0.2286,39.6,0.00253511,123.565,"addition"
500,0,0.2286,39.6,0.00253511,126.195,"addition"
630,0,0.2286,39.6,0.00253511,128.705,"addition"
800,0,0.2286,39.6,0.00253511,130.205,"addition"
1000,0,0.2286,39.6,0.00253511,130.435,"addition"
1250,0,0.2286,39.6,0.00253511,129.395,"addition"
1600,0,0.2286,39.6,0.00253511,127.095,"addition"
2000,0,0.2286,39.6,0.00253511,125.305,"addition"
2500,0,0.2286,39.6,0.00253511,125.025,"addition"
3150,0,0.2286,39.6,0.00253511,124.625,"addition"
4000,0,0.2286,39.6,0.00253511,123.465,"addition"
5000,0,0.2286,39.6,0.00253511,122.175,"addition"
6300,0,0.2286,39.6,0.00253511,117.465,"addition"
315,0,0.2286,31.7,0.0027238,120.595,"addition"
400,0,0.2286,31.7,0.0027238,123.635,"addition"
500,0,0.2286,31.7,0.0027238,126.675,"addition"
630,0,0.2286,31.7,0.0027238,129.465,"addition"
800,0,0.2286,31.7,0.0027238,130.725,"addition"
1000,0,0.2286,31.7,0.0027238,130.595,"addition"
1250,0,0.2286,31.7,0.0027238,128.805,"addition"
1600,0,0.2286,31.7,0.0027238,125.625,"addition"
2000,0,0.2286,31.7,0.0027238,123.455,"addition"
2500,0,0.2286,31.7,0.0027238,123.445,"addition"
3150,0,0.2286,31.7,0.0027238,123.445,"addition"
4000,0,0.2286,31.7,0.0027238,122.035,"addition"
5000,0,0.2286,31.7,0.0027238,120.505,"addition"
6300,0,0.2286,31.7,0.0027238,116.815,"addition"
400,2,0.2286,71.3,0.00293031,125.116,"addition"
500,2,0.2286,71.3,0.00293031,126.486,"addition"
630,2,0.2286,71.3,0.00293031,127.356,"addition"
800,2,0.2286,71.3,0.00293031,128.216,"addition"
1000,2,0.2286,71.3,0.00293031,128.956,"addition"
1250,2,0.2286,71.3,0.00293031,128.816,"addition"
1600,2,0.2286,71.3,0.00293031,127.796,"addition"
2000,2,0.2286,71.3,0.00293031,126.896,"addition"
2500,2,0.2286,71.3,0.00293031,127.006,"addition"
3150,2,0.2286,71.3,0.00293031,126.116,"addition"
4000,2,0.2286,71.3,0.00293031,124.086,"addition"
5000,2,0.2286,71.3,0.00293031,122.816,"addition"
6300,2,0.2286,71.3,0.00293031,120.786,"addition"
8000,2,0.2286,71.3,0.00293031,115.996,"addition"
10000,2,0.2286,71.3,0.00293031,113.086,"addition"
400,2,0.2286,55.5,0.00313525,122.292,"addition"
500,2,0.2286,55.5,0.00313525,124.692,"addition"
630,2,0.2286,55.5,0.00313525,126.842,"addition"
800,2,0.2286,55.5,0.00313525,128.492,"addition"
1000,2,0.2286,55.5,0.00313525,129.002,"addition"
1250,2,0.2286,55.5,0.00313525,128.762,"addition"
1600,2,0.2286,55.5,0.00313525,126.752,"addition"
2000,2,0.2286,55.5,0.00313525,124.612,"addition"
2500,2,0.2286,55.5,0.00313525,123.862,"addition"
3150,2,0.2286,55.5,0.00313525,123.742,"addition"
4000,2,0.2286,55.5,0.00313525,122.232,"addition"
5000,2,0.2286,55.5,0.00313525,120.472,"addition"
6300,2,0.2286,55.5,0.00313525,118.712,"addition"
315,2,0.2286,39.6,0.00346574,120.137,"addition"
400,2,0.2286,39.6,0.00346574,122.147,"addition"
500,2,0.2286,39.6,0.00346574,125.157,"addition"
630,2,0.2286,39.6,0.00346574,127.417,"addition"
800,2,0.2286,39.6,0.00346574,129.037,"addition"
1000,2,0.2286,39.6,0.00346574,129.147,"addition"
1250,2,0.2286,39.6,0.00346574,128.257,"addition"
1600,2,0.2286,39.6,0.00346574,125.837,"addition"
2000,2,0.2286,39.6,0.00346574,122.797,"addition"
2500,2,0.2286,39.6,0.00346574,121.397,"addition"
3150,2,0.2286,39.6,0.00346574,121.627,"addition"
4000,2,0.2286,39.6,0.00346574,120.227,"addition"
5000,2,0.2286,39.6,0.00346574,118.827,"addition"
6300,2,0.2286,39.6,0.00346574,116.417,"addition"
315,2,0.2286,31.7,0.00372371,120.147,"addition"
400,2,0.2286,31.7,0.00372371,123.417,"addition"
500,2,0.2286,31.7,0.00372371,126.677,"addition"
630,2,0.2286,31.7,0.00372371,129.057,"addition"
800,2,0.2286,31.7,0.00372371,130.307,"addition"
1000,2,0.2286,31.7,0.00372371,130.307,"addition"
1250,2,0.2286,31.7,0.00372371,128.677,"addition"
1600,2,0.2286,31.7,0.00372371,125.797,"addition"
2000,2,0.2286,31.7,0.00372371,123.037,"addition"
2500,2,0.2286,31.7,0.00372371,121.407,"addition"
3150,2,0.2286,31.7,0.00372371,121.527,"addition"
4000,2,0.2286,31.7,0.00372371,120.527,"addition"
5000,2,0.2286,31.7,0.00372371,118.267,"addition"
6300,2,0.2286,31.7,0.00372371,115.137,"addition"
500,4,0.2286,71.3,0.00400603,126.758,"addition"
630,4,0.2286,71.3,0.00400603,129.038,"addition"
800,4,0.2286,71.3,0.00400603,130.688,"addition"
1000,4,0.2286,71.3,0.00400603,131.708,"addition"
1250,4,0.2286,71.3,0.00400603,131.718,"addition"
1600,4,0.2286,71.3,0.00400603,129.468,"addition"
2000,4,0.2286,71.3,0.00400603,126.218,"addition"
2500,4,0.2286,71.3,0.00400603,124.338,"addition"
3150,4,0.2286,71.3,0.00400603,124.108,"addition"
4000,4,0.2286,71.3,0.00400603,121.728,"addition"
5000,4,0.2286,71.3,0.00400603,121.118,"addition"
6300,4,0.2286,71.3,0.00400603,118.618,"addition"
8000,4,0.2286,71.3,0.00400603,112.848,"addition"
10000,4,0.2286,71.3,0.00400603,113.108,"addition"
12500,4,0.2286,71.3,0.00400603,114.258,"addition"
16000,4,0.2286,71.3,0.00400603,112.768,"addition"
20000,4,0.2286,71.3,0.00400603,109.638,"addition"
400,4,0.2286,55.5,0.0042862,123.274,"addition"
500,4,0.2286,55.5,0.0042862,127.314,"addition"
630,4,0.2286,55.5,0.0042862,129.964,"addition"
800,4,0.2286,55.5,0.0042862,131.864,"addition"
1000,4,0.2286,55.5,0.0042862,132.134,"addition"
1250,4,0.2286,55.5,0.0042862,131.264,"addition"
1600,4,0.2286,55.5,0.0042862,128.264,"addition"
2000,4,0.2286,55.5,0.0042862,124.254,"addition"
2500,4,0.2286,55.5,0.0042862,122.384,"addition"
3150,4,0.2286,55.5,0.0042862,122.394,"addition"
4000,4,0.2286,55.5,0.0042862,120.654,"addition"
5000,4,0.2286,55.5,0.0042862,120.034,"addition"
6300,4,0.2286,55.5,0.0042862,117.154,"addition"
8000,4,0.2286,55.5,0.0042862,112.524,"addition"
315,4,0.2286,39.6,0.00473801,122.229,"addition"
400,4,0.2286,39.6,0.00473801,123.879,"addition"
500,4,0.2286,39.6,0.00473801,127.039,"addition"
630,4,0.2286,39.6,0.00473801,129.579,"addition"
800,4,0.2286,39.6,0.00473801,130.469,"addition"
1000,4,0.2286,39.6,0.00473801,129.969,"addition"
1250,4,0.2286,39.6,0.00473801,128.339,"addition"
1600,4,0.2286,39.6,0.00473801,125.319,"addition"
2000,4,0.2286,39.6,0.00473801,121.659,"addition"
2500,4,0.2286,39.6,0.00473801,119.649,"addition"
3150,4,0.2286,39.6,0.00473801,120.419,"addition"
4000,4,0.2286,39.6,0.00473801,119.159,"addition"
5000,4,0.2286,39.6,0.00473801,117.649,"addition"
6300,4,0.2286,39.6,0.00473801,114.249,"addition"
8000,4,0.2286,39.6,0.00473801,113.129,"addition"
250,4,0.2286,31.7,0.00509068,120.189,"addition"
315,4,0.2286,31.7,0.00509068,123.609,"addition"
400,4,0.2286,31.7,0.00509068,126.149,"addition"
500,4,0.2286,31.7,0.00509068,128.939,"addition"
630,4,0.2286,31.7,0.00509068,130.349,"addition"
800,4,0.2286,31.7,0.00509068,130.869,"addition"
1000,4,0.2286,31.7,0.00509068,129.869,"addition"
1250,4,0.2286,31.7,0.00509068,128.119,"addition"
1600,4,0.2286,31.7,0.00509068,125.229,"addition"
2000,4,0.2286,31.7,0.00509068,122.089,"addition"
2500,4,0.2286,31.7,0.00509068,120.209,"addition"
3150,4,0.2286,31.7,0.00509068,120.229,"addition"
4000,4,0.2286,31.7,0.00509068,118.859,"addition"
5000,4,0.2286,31.7,0.00509068,115.969,"addition"
6300,4,0.2286,31.7,0.00509068,112.699,"addition"
400,5.3,0.2286,71.3,0.0051942,127.700,"addition"
500,5.3,0.2286,71.3,0.0051942,129.880,"addition"
630,5.3,0.2286,71.3,0.0051942,131.800,"addition"
800,5.3,0.2286,71.3,0.0051942,133.480,"addition"
1000,5.3,0.2286,71.3,0.0051942,134.000,"addition"
1250,5.3,0.2286,71.3,0.0051942,133.380,"addition"
1600,5.3,0.2286,71.3,0.0051942,130.460,"addition"
2000,5.3,0.2286,71.3,0.0051942,125.890,"addition"
2500,5.3,0.2286,71.3,0.0051942,123.740,"addition"
3150,5.3,0.2286,71.3,0.0051942,123.120,"addition"
4000,5.3,0.2286,71.3,0.0051942,120.330,"addition"
5000,5.3,0.2286,71.3,0.0051942,118.050,"addition"
6300,5.3,0.2286,71.3,0.0051942,116.920,"addition"
8000,5.3,0.2286,71.3,0.0051942,114.900,"addition"
10000,5.3,0.2286,71.3,0.0051942,111.350,"addition"
250,5.3,0.2286,39.6,0.00614329,127.011,"addition"
315,5.3,0.2286,39.6,0.00614329,129.691,"addition"
400,5.3,0.2286,39.6,0.00614329,131.221,"addition"
500,5.3,0.2286,39.6,0.00614329,132.251,"addition"
630,5.3,0.2286,39.6,0.00614329,132.011,"addition"
800,5.3,0.2286,39.6,0.00614329,129.491,"addition"
1000,5.3,0.2286,39.6,0.00614329,125.581,"addition"
1250,5.3,0.2286,39.6,0.00614329,125.721,"addition"
1600,5.3,0.2286,39.6,0.00614329,123.081,"addition"
2000,5.3,0.2286,39.6,0.00614329,117.911,"addition"
2500,5.3,0.2286,39.6,0.00614329,116.151,"addition"
3150,5.3,0.2286,39.6,0.00614329,118.441,"addition"
4000,5.3,0.2286,39.6,0.00614329,115.801,"addition"
5000,5.3,0.2286,39.6,0.00614329,115.311,"addition"
6300,5.3,0.2286,39.6,0.00614329,112.541,"addition"
200,7.3,0.2286,71.3,0.0104404,138.758,"addition"
250,7.3,0.2286,71.3,0.0104404,139.918,"addition"
315,7.3,0.2286,71.3,0.0104404,139.808,"addition"
400,7.3,0.2286,71.3,0.0104404,139.438,"addition"
500,7.3,0.2286,71.3,0.0104404,136.798,"addition"
630,7.3,0.2286,71.3,0.0104404,133.768,"addition"
800,7.3,0.2286,71.3,0.0104404,130.748,"addition"
1000,7.3,0.2286,71.3,0.0104404,126.838,"addition"
1250,7.3,0.2286,71.3,0.0104404,127.358,"addition"
1600,7.3,0.2286,71.3,0.0104404,125.728,"addition"
2000,7.3,0.2286,71.3,0.0104404,122.708,"addition"
2500,7.3,0.2286,71.3,0.0104404,122.088,"addition"
3150,7.3,0.2286,71.3,0.0104404,120.458,"addition"
4000,7.3,0.2286,71.3,0.0104404,119.208,"addition"
5000,7.3,0.2286,71.3,0.0104404,115.298,"addition"
6300,7.3,0.2286,71.3,0.0104404,115.818,"addition"
200,7.3,0.2286,55.5,0.0111706,135.234,"addition"
250,7.3,0.2286,55.5,0.0111706,136.384,"addition"
315,7.3,0.2286,55.5,0.0111706,136.284,"addition"
400,7.3,0.2286,55.5,0.0111706,135.924,"addition"
500,7.3,0.2286,55.5,0.0111706,133.174,"addition"
630,7.3,0.2286,55.5,0.0111706,130.934,"addition"
800,7.3,0.2286,55.5,0.0111706,128.444,"addition"
1000,7.3,0.2286,55.5,0.0111706,125.194,"addition"
1250,7.3,0.2286,55.5,0.0111706,125.724,"addition"
1600,7.3,0.2286,55.5,0.0111706,123.354,"addition"
2000,7.3,0.2286,55.5,0.0111706,120.354,"addition"
2500,7.3,0.2286,55.5,0.0111706,118.994,"addition"
3150,7.3,0.2286,55.5,0.0111706,117.134,"addition"
4000,7.3,0.2286,55.5,0.0111706,117.284,"addition"
5000,7.3,0.2286,55.5,0.0111706,113.144,"addition"
6300,7.3,0.2286,55.5,0.0111706,111.534,"addition"
200,7.3,0.2286,39.6,0.0123481,130.989,"addition"
250,7.3,0.2286,39.6,0.0123481,131.889,"addition"
315,7.3,0.2286,39.6,0.0123481,132.149,"addition"
400,7.3,0.2286,39.6,0.0123481,132.039,"addition"
500,7.3,0.2286,39.6,0.0123481,130.299,"addition"
630,7.3,0.2286,39.6,0.0123481,128.929,"addition"
800,7.3,0.2286,39.6,0.0123481,126.299,"addition"
1000,7.3,0.2286,39.6,0.0123481,122.539,"addition"
1250,7.3,0.2286,39.6,0.0123481,123.189,"addition"
1600,7.3,0.2286,39.6,0.0123481,121.059,"addition"
2000,7.3,0.2286,39.6,0.0123481,117.809,"addition"
2500,7.3,0.2286,39.6,0.0123481,116.559,"addition"
3150,7.3,0.2286,39.6,0.0123481,114.309,"addition"
4000,7.3,0.2286,39.6,0.0123481,114.079,"addition"
5000,7.3,0.2286,39.6,0.0123481,111.959,"addition"
6300,7.3,0.2286,39.6,0.0123481,110.839,"addition"
200,7.3,0.2286,31.7,0.0132672,128.679,"addition"
250,7.3,0.2286,31.7,0.0132672,130.089,"addition"
315,7.3,0.2286,31.7,0.0132672,130.239,"addition"
400,7.3,0.2286,31.7,0.0132672,130.269,"addition"
500,7.3,0.2286,31.7,0.0132672,128.169,"addition"
630,7.3,0.2286,31.7,0.0132672,126.189,"addition"
800,7.3,0.2286,31.7,0.0132672,123.209,"addition"
1000,7.3,0.2286,31.7,0.0132672,119.099,"addition"
1250,7.3,0.2286,31.7,0.0132672,120.509,"addition"
1600,7.3,0.2286,31.7,0.0132672,119.039,"addition"
2000,7.3,0.2286,31.7,0.0132672,115.309,"addition"
2500,7.3,0.2286,31.7,0.0132672,114.709,"addition"
3150,7.3,0.2286,31.7,0.0132672,113.229,"addition"
4000,7.3,0.2286,31.7,0.0132672,112.639,"addition"
5000,7.3,0.2286,31.7,0.0132672,111.029,"addition"
6300,7.3,0.2286,31.7,0.0132672,110.689,"addition"
800,0,0.1524,71.3,0.0015988,125.817,"addition"
1000,0,0.1524,71.3,0.0015988,127.307,"addition"
1250,0,0.1524,71.3,0.0015988,128.927,"addition"
1600,0,0.1524,71.3,0.0015988,129.667,"addition"
2000,0,0.1524,71.3,0.0015988,128.647,"addition"
2500,0,0.1524,71.3,0.0015988,128.127,"addition"
3150,0,0.1524,71.3,0.0015988,129.377,"addition"
4000,0,0.1524,71.3,0.0015988,128.857,"addition"
5000,0,0.1524,71.3,0.0015988,126.457,"addition"
6300,0,0.1524,71.3,0.0015988,125.427,"addition"
8000,0,0.1524,71.3,0.0015988,122.527,"addition"
10000,0,0.1524,71.3,0.0015988,120.247,"addition"
12500,0,0.1524,71.3,0.0015988,117.087,"addition"
16000,0,0.1524,71.3,0.0015988,113.297,"addition"
500,0,0.1524,55.5,0.00172668,120.573,"addition"
630,0,0.1524,55.5,0.00172668,123.583,"addition"
800,0,0.1524,55.5,0.00172668,126.713,"addition"
1000,0,0.1524,55.5,0.00172668,128.583,"addition"
1250,0,0.1524,55.5,0.00172668,129.953,"addition"
1600,0,0.1524,55.5,0.00172668,130.183,"addition"
2000,0,0.1524,55.5,0.00172668,129.673,"addition"
2500,0,0.1524,55.5,0.00172668,127.763,"addition"
3150,0,0.1524,55.5,0.00172668,127.753,"addition"
4000,0,0.1524,55.5,0.00172668,127.233,"addition"
5000,0,0.1524,55.5,0.00172668,125.203,"addition"
6300,0,0.1524,55.5,0.00172668,123.303,"addition"
8000,0,0.1524,55.5,0.00172668,121.903,"addition"
10000,0,0.1524,55.5,0.00172668,119.253,"addition"
12500,0,0.1524,55.5,0.00172668,117.093,"addition"
16000,0,0.1524,55.5,0.00172668,112.803,"addition"
500,0,0.1524,39.6,0.00193287,119.513,"addition"
630,0,0.1524,39.6,0.00193287,124.403,"addition"
800,0,0.1524,39.6,0.00193287,127.903,"addition"
1000,0,0.1524,39.6,0.00193287,130.033,"addition"
1250,0,0.1524,39.6,0.00193287,131.023,"addition"
1600,0,0.1524,39.6,0.00193287,131.013,"addition"
2000,0,0.1524,39.6,0.00193287,129.633,"addition"
2500,0,0.1524,39.6,0.00193287,126.863,"addition"
3150,0,0.1524,39.6,0.00193287,125.603,"addition"
4000,0,0.1524,39.6,0.00193287,125.343,"addition"
5000,0,0.1524,39.6,0.00193287,123.453,"addition"
6300,0,0.1524,39.6,0.00193287,121.313,"addition"
8000,0,0.1524,39.6,0.00193287,120.553,"addition"
10000,0,0.1524,39.6,0.00193287,115.413,"addition"
500,0,0.1524,31.7,0.00209405,121.617,"addition"
630,0,0.1524,31.7,0.00209405,125.997,"addition"
800,0,0.1524,31.7,0.00209405,129.117,"addition"
1000,0,0.1524,31.7,0.00209405,130.987,"addition"
1250,0,0.1524,31.7,0.00209405,131.467,"addition"
1600,0,0.1524,31.7,0.00209405,130.817,"addition"
2000,0,0.1524,31.7,0.00209405,128.907,"addition"
2500,0,0.1524,31.7,0.00209405,125.867,"addition"
3150,0,0.1524,31.7,0.00209405,124.207,"addition"
4000,0,0.1524,31.7,0.00209405,123.807,"addition"
5000,0,0.1524,31.7,0.00209405,122.397,"addition"
6300,0,0.1524,31.7,0.00209405,119.737,"addition"
8000,0,0.1524,31.7,0.00209405,117.957,"addition"
630,2.7,0.1524,71.3,0.00243851,127.404,"addition"
800,2.7,0.1524,71.3,0.00243851,127.394,"addition"
1000,2.7,0.1524,71.3,0.00243851,128.774,"addition"
1250,2.7,0.1524,71.3,0.00243851,130.144,"addition"
1600,2.7,0.1524,71.3,0.00243851,130.644,"addition"
2000,2.7,0.1524,71.3,0.00243851,130.114,"addition"
2500,2.7,0.1524,71.3,0.00243851,128.334,"addition"
3150,2.7,0.1524,71.3,0.00243851,127.054,"addition"
4000,2.7,0.1524,71.3,0.00243851,126.534,"addition"
5000,2.7,0.1524,71.3,0.00243851,124.364,"addition"
6300,2.7,0.1524,71.3,0.00243851,121.944,"addition"
8000,2.7,0.1524,71.3,0.00243851,120.534,"addition"
10000,2.7,0.1524,71.3,0.00243851,116.724,"addition"
12500,2.7,0.1524,71.3,0.00243851,113.034,"addition"
16000,2.7,0.1524,71.3,0.00243851,110.364,"addition"
500,2.7,0.1524,39.6,0.00294804,121.009,"addition"
630,2.7,0.1524,39.6,0.00294804,125.809,"addition"
800,2.7,0.1524,39.6,0.00294804,128.829,"addition"
1000,2.7,0.1524,39.6,0.00294804,130.589,"addition"
1250,2.7,0.1524,39.6,0.00294804,130.829,"addition"
1600,2.7,0.1524,39.6,0.00294804,130.049,"addition"
2000,2.7,0.1524,39.6,0.00294804,128.139,"addition"
2500,2.7,0.1524,39.6,0.00294804,125.589,"addition"
3150,2.7,0.1524,39.6,0.00294804,122.919,"addition"
4000,2.7,0.1524,39.6,0.00294804,121.889,"addition"
5000,2.7,0.1524,39.6,0.00294804,121.499,"addition"
6300,2.7,0.1524,39.6,0.00294804,119.209,"addition"
8000,2.7,0.1524,39.6,0.00294804,116.659,"addition"
10000,2.7,0.1524,39.6,0.00294804,112.589,"addition"
12500,2.7,0.1524,39.6,0.00294804,108.649,"addition"
400,5.4,0.1524,71.3,0.00401199,124.121,"addition"
500,5.4,0.1524,71.3,0.00401199,126.291,"addition"
630,5.4,0.1524,71.3,0.00401199,128.971,"addition"
800,5.4,0.1524,71.3,0.00401199,131.281,"addition"
1000,5.4,0.1524,71.3,0.00401199,133.201,"addition"
1250,5.4,0.1524,71.3,0.00401199,134.111,"addition"
1600,5.4,0.1524,71.3,0.00401199,133.241,"addition"
2000,5.4,0.1524,71.3,0.00401199,131.111,"addition"
2500,5.4,0.1524,71.3,0.00401199,127.591,"addition"
3150,5.4,0.1524,71.3,0.00401199,123.311,"addition"
4000,5.4,0.1524,71.3,0.00401199,121.431,"addition"
5000,5.4,0.1524,71.3,0.00401199,120.061,"addition"
6300,5.4,0.1524,71.3,0.00401199,116.411,"addition"
400,5.4,0.1524,55.5,0.00433288,126.807,"addition"
500,5.4,0.1524,55.5,0.00433288,129.367,"addition"
630,5.4,0.1524,55.5,0.00433288,131.807,"addition"
800,5.4,0.1524,55.5,0.00433288,133.097,"addition"
1000,5.4,0.1524,55.5,0.00433288,132.127,"addition"
1250,5.4,0.1524,55.5,0.00433288,130.777,"addition"
1600,5.4,0.1524,55.5,0.00433288,130.567,"addition"
2000,5.4,0.1524,55.5,0.00433288,128.707,"addition"
2500,5.4,0.1524,55.5,0.00433288,124.077,"addition"
3150,5.4,0.1524,55.5,0.00433288,121.587,"addition"
4000,5.4,0.1524,55.5,0.00433288,119.737,"addition"
5000,5.4,0.1524,55.5,0.00433288,118.757,"addition"
6300,5.4,0.1524,55.5,0.00433288,117.287,"addition"
8000,5.4,0.1524,55.5,0.00433288,114.927,"addition"
315,5.4,0.1524,39.6,0.00485029,125.347,"addition"
400,5.4,0.1524,39.6,0.00485029,127.637,"addition"
500,5.4,0.1524,39.6,0.00485029,129.937,"addition"
630,5.4,0.1524,39.6,0.00485029,132.357,"addition"
800,5.4,0.1524,39.6,0.00485029,132.757,"addition"
1000,5.4,0.1524,39.6,0.00485029,130.507,"addition"
1250,5.4,0.1524,39.6,0.00485029,127.117,"addition"
1600,5.4,0.1524,39.6,0.00485029,126.267,"addition"
2000,5.4,0.1524,39.6,0.00485029,124.647,"addition"
2500,5.4,0.1524,39.6,0.00485029,120.497,"addition"
3150,5.4,0.1524,39.6,0.00485029,119.137,"addition"
4000,5.4,0.1524,39.6,0.00485029,117.137,"addition"
5000,5.4,0.1524,39.6,0.00485029,117.037,"addition"
6300,5.4,0.1524,39.6,0.00485029,116.677,"addition"
315,5.4,0.1524,31.7,0.00525474,125.741,"addition"
400,5.4,0.1524,31.7,0.00525474,127.781,"addition"
500,5.4,0.1524,31.7,0.00525474,129.681,"addition"
630,5.4,0.1524,31.7,0.00525474,131.471,"addition"
800,5.4,0.1524,31.7,0.00525474,131.491,"addition"
1000,5.4,0.1524,31.7,0.00525474,128.241,"addition"
1250,5.4,0.1524,31.7,0.00525474,123.991,"addition"
1600,5.4,0.1524,31.7,0.00525474,123.761,"addition"
2000,5.4,0.1524,31.7,0.00525474,122.771,"addition"
2500,5.4,0.1524,31.7,0.00525474,119.151,"addition"
3150,5.4,0.1524,31.7,0.00525474,118.291,"addition"
4000,5.4,0.1524,31.7,0.00525474,116.181,"addition"
5000,5.4,0.1524,31.7,0.00525474,115.691,"addition"
6300,5.4,0.1524,31.7,0.00525474,115.591,"addition"
315,7.2,0.1524,71.3,0.00752039,128.713,"addition"
400,7.2,0.1524,71.3,0.00752039,130.123,"addition"
500,7.2,0.1524,71.3,0.00752039,132.043,"addition"
630,7.2,0.1524,71.3,0.00752039,134.853,"addition"
800,7.2,0.1524,71.3,0.00752039,136.023,"addition"
1000,7.2,0.1524,71.3,0.00752039,134.273,"addition"
1250,7.2,0.1524,71.3,0.00752039,132.513,"addition"
1600,7.2,0.1524,71.3,0.00752039,130.893,"addition"
2000,7.2,0.1524,71.3,0.00752039,128.643,"addition"
2500,7.2,0.1524,71.3,0.00752039,124.353,"addition"
3150,7.2,0.1524,71.3,0.00752039,116.783,"addition"
4000,7.2,0.1524,71.3,0.00752039,119.343,"addition"
5000,7.2,0.1524,71.3,0.00752039,118.343,"addition"
6300,7.2,0.1524,71.3,0.00752039,116.603,"addition"
8000,7.2,0.1524,71.3,0.00752039,113.333,"addition"
10000,7.2,0.1524,71.3,0.00752039,110.313,"addition"
250,7.2,0.1524,39.6,0.00909175,127.488,"addition"
315,7.2,0.1524,39.6,0.00909175,130.558,"addition"
400,7.2,0.1524,39.6,0.00909175,132.118,"addition"
500,7.2,0.1524,39.6,0.00909175,132.658,"addition"
630,7.2,0.1524,39.6,0.00909175,133.198,"addition"
800,7.2,0.1524,39.6,0.00909175,132.358,"addition"
1000,7.2,0.1524,39.6,0.00909175,128.338,"addition"
1250,7.2,0.1524,39.6,0.00909175,122.428,"addition"
1600,7.2,0.1524,39.6,0.00909175,120.058,"addition"
2000,7.2,0.1524,39.6,0.00909175,120.228,"addition"
2500,7.2,0.1524,39.6,0.00909175,117.478,"addition"
3150,7.2,0.1524,39.6,0.00909175,111.818,"addition"
4000,7.2,0.1524,39.6,0.00909175,114.258,"addition"
5000,7.2,0.1524,39.6,0.00909175,113.288,"addition"
6300,7.2,0.1524,39.6,0.00909175,112.688,"addition"
8000,7.2,0.1524,39.6,0.00909175,111.588,"addition"
10000,7.2,0.1524,39.6,0.00909175,110.868,"addition"
200,9.9,0.1524,71.3,0.0193001,134.319,"addition"
250,9.9,0.1524,71.3,0.0193001,135.329,"addition"
315,9.9,0.1524,71.3,0.0193001,135.459,"addition"
400,9.9,0.1524,71.3,0.0193001,135.079,"addition"
500,9.9,0.1524,71.3,0.0193001,131.279,"addition"
630,9.9,0.1524,71.3,0.0193001,129.889,"addition"
800,9.9,0.1524,71.3,0.0193001,128.879,"addition"
1000,9.9,0.1524,71.3,0.0193001,126.349,"addition"
1250,9.9,0.1524,71.3,0.0193001,122.679,"addition"
1600,9.9,0.1524,71.3,0.0193001,121.789,"addition"
2000,9.9,0.1524,71.3,0.0193001,120.779,"addition"
2500,9.9,0.1524,71.3,0.0193001,119.639,"addition"
3150,9.9,0.1524,71.3,0.0193001,116.849,"addition"
4000,9.9,0.1524,71.3,0.0193001,115.079,"addition"
5000,9.9,0.1524,71.3,0.0193001,114.569,"addition"
6300,9.9,0.1524,71.3,0.0193001,112.039,"addition"
200,9.9,0.1524,55.5,0.0208438,131.955,"addition"
250,9.9,0.1524,55.5,0.0208438,133.235,"addition"
315,9.9,0.1524,55.5,0.0208438,132.355,"addition"
400,9.9,0.1524,55.5,0.0208438,131.605,"addition"
500,9.9,0.1524,55.5,0.0208438,127.815,"addition"
630,9.9,0.1524,55.5,0.0208438,127.315,"addition"
800,9.9,0.1524,55.5,0.0208438,126.565,"addition"
1000,9.9,0.1524,55.5,0.0208438,124.665,"addition"
1250,9.9,0.1524,55.5,0.0208438,121.635,"addition"
1600,9.9,0.1524,55.5,0.0208438,119.875,"addition"
2000,9.9,0.1524,55.5,0.0208438,119.505,"addition"
2500,9.9,0.1524,55.5,0.0208438,118.365,"addition"
3150,9.9,0.1524,55.5,0.0208438,115.085,"addition"
4000,9.9,0.1524,55.5,0.0208438,112.945,"addition"
5000,9.9,0.1524,55.5,0.0208438,112.065,"addition"
6300,9.9,0.1524,55.5,0.0208438,110.555,"addition"
200,9.9,0.1524,39.6,0.0233328,127.315,"addition"
250,9.9,0.1524,39.6,0.0233328,128.335,"addition"
315,9.9,0.1524,39.6,0.0233328,128.595,"addition"
400,9.9,0.1524,39.6,0.0233328,128.345,"addition"
500,9.9,0.1524,39.6,0.0233328,126.835,"addition"
630,9.9,0.1524,39.6,0.0233328,126.465,"addition"
800,9.9,0.1524,39.6,0.0233328,126.345,"addition"
1000,9.9,0.1524,39.6,0.0233328,123.835,"addition"
1250,9.9,0.1524,39.6,0.0233328,120.555,"addition"
1600,9.9,0.1524,39.6,0.0233328,118.545,"addition"
2000,9.9,0.1524,39.6,0.0233328,117.925,"addition"
2500,9.9,0.1524,39.6,0.0233328,116.295,"addition"
3150,9.9,0.1524,39.6,0.0233328,113.525,"addition"
4000,9.9,0.1524,39.6,0.0233328,112.265,"addition"
5000,9.9,0.1524,39.6,0.0233328,111.135,"addition"
6300,9.9,0.1524,39.6,0.0233328,109.885,"addition"
200,9.9,0.1524,31.7,0.0252785,127.299,"addition"
250,9.9,0.1524,31.7,0.0252785,128.559,"addition"
315,9.9,0.1524,31.7,0.0252785,128.809,"addition"
400,9.9,0.1524,31.7,0.0252785,128.939,"addition"
500,9.9,0.1524,31.7,0.0252785,127.179,"addition"
630,9.9,0.1524,31.7,0.0252785,126.049,"addition"
800,9.9,0.1524,31.7,0.0252785,125.539,"addition"
1000,9.9,0.1524,31.7,0.0252785,122.149,"addition"
1250,9.9,0.1524,31.7,0.0252785,118.619,"addition"
1600,9.9,0.1524,31.7,0.0252785,117.119,"addition"
2000,9.9,0.1524,31.7,0.0252785,116.859,"addition"
2500,9.9,0.1524,31.7,0.0252785,114.729,"addition"
3150,9.9,0.1524,31.7,0.0252785,112.209,"addition"
4000,9.9,0.1524,31.7,0.0252785,111.459,"addition"
5000,9.9,0.1524,31.7,0.0252785,109.949,"addition"
6300,9.9,0.1524,31.7,0.0252785,108.689,"addition"
200,12.6,0.1524,71.3,0.0483159,128.354,"addition"
250,12.6,0.1524,71.3,0.0483159,129.744,"addition"
315,12.6,0.1524,71.3,0.0483159,128.484,"addition"
400,12.6,0.1524,71.3,0.0483159,127.094,"addition"
500,12.6,0.1524,71.3,0.0483159,121.664,"addition"
630,12.6,0.1524,71.3,0.0483159,123.304,"addition"
800,12.6,0.1524,71.3,0.0483159,123.054,"addition"
1000,12.6,0.1524,71.3,0.0483159,122.044,"addition"
1250,12.6,0.1524,71.3,0.0483159,120.154,"addition"
1600,12.6,0.1524,71.3,0.0483159,120.534,"addition"
2000,12.6,0.1524,71.3,0.0483159,117.504,"addition"
2500,12.6,0.1524,71.3,0.0483159,115.234,"addition"
3150,12.6,0.1524,71.3,0.0483159,113.334,"addition"
4000,12.6,0.1524,71.3,0.0483159,108.034,"addition"
5000,12.6,0.1524,71.3,0.0483159,108.034,"addition"
6300,12.6,0.1524,71.3,0.0483159,107.284,"addition"
200,12.6,0.1524,39.6,0.0584113,114.750,"addition"
250,12.6,0.1524,39.6,0.0584113,115.890,"addition"
315,12.6,0.1524,39.6,0.0584113,116.020,"addition"
400,12.6,0.1524,39.6,0.0584113,115.910,"addition"
500,12.6,0.1524,39.6,0.0584113,114.900,"addition"
630,12.6,0.1524,39.6,0.0584113,116.550,"addition"
800,12.6,0.1524,39.6,0.0584113,116.560,"addition"
1000,12.6,0.1524,39.6,0.0584113,114.670,"addition"
1250,12.6,0.1524,39.6,0.0584113,112.160,"addition"
1600,12.6,0.1524,39.6,0.0584113,110.780,"addition"
2000,12.6,0.1524,39.6,0.0584113,109.520,"addition"
2500,12.6,0.1524,39.6,0.0584113,106.880,"addition"
3150,12.6,0.1524,39.6,0.0584113,106.260,"addition"
4000,12.6,0.1524,39.6,0.0584113,104.500,"addition"
5000,12.6,0.1524,39.6,0.0584113,104.130,"addition"
6300,12.6,0.1524,39.6,0.0584113,103.380,"addition"
800,0,0.0508,71.3,0.000740478,130.960,"addition"
1000,0,0.0508,71.3,0.000740478,129.450,"addition"
1250,0,0.0508,71.3,0.000740478,128.560,"addition"
1600,0,0.0508,71.3,0.000740478,129.680,"addition"
2000,0,0.0508,71.3,0.000740478,131.060,"addition"
2500,0,0.0508,71.3,0.000740478,131.310,"addition"
3150,0,0.0508,71.3,0.000740478,135.070,"addition"
4000,0,0.0508,71.3,0.000740478,134.430,"addition"
5000,0,0.0508,71.3,0.000740478,134.430,"addition"
6300,0,0.0508,71.3,0.000740478,133.040,"addition"
8000,0,0.0508,71.3,0.000740478,130.890,"addition"
10000,0,0.0508,71.3,0.000740478,128.740,"addition"
12500,0,0.0508,71.3,0.000740478,125.220,"addition"
800,0,0.0508,55.5,0.00076193,124.336,"addition"
1000,0,0.0508,55.5,0.00076193,125.586,"addition"
1250,0,0.0508,55.5,0.00076193,127.076,"addition"
1600,0,0.0508,55.5,0.00076193,128.576,"addition"
2000,0,0.0508,55.5,0.00076193,131.456,"addition"
2500,0,0.0508,55.5,0.00076193,133.956,"addition"
3150,0,0.0508,55.5,0.00076193,134.826,"addition"
4000,0,0.0508,55.5,0.00076193,134.946,"addition"
5000,0,0.0508,55.5,0.00076193,134.556,"addition"
6300,0,0.0508,55.5,0.00076193,132.796,"addition"
8000,0,0.0508,55.5,0.00076193,130.156,"addition"
10000,0,0.0508,55.5,0.00076193,127.636,"addition"
12500,0,0.0508,55.5,0.00076193,125.376,"addition"
800,0,0.0508,39.6,0.000791822,126.508,"addition"
1000,0,0.0508,39.6,0.000791822,127.638,"addition"
1250,0,0.0508,39.6,0.000791822,129.148,"addition"
1600,0,0.0508,39.6,0.000791822,130.908,"addition"
2000,0,0.0508,39.6,0.000791822,132.918,"addition"
2500,0,0.0508,39.6,0.000791822,134.938,"addition"
3150,0,0.0508,39.6,0.000791822,135.938,"addition"
4000,0,0.0508,39.6,0.000791822,135.308,"addition"
5000,0,0.0508,39.6,0.000791822,134.308,"addition"
6300,0,0.0508,39.6,0.000791822,131.918,"addition"
8000,0,0.0508,39.6,0.000791822,128.518,"addition"
10000,0,0.0508,39.6,0.000791822,125.998,"addition"
12500,0,0.0508,39.6,0.000791822,123.988,"addition"
800,0,0.0508,31.7,0.000812164,122.790,"addition"
1000,0,0.0508,31.7,0.000812164,126.780,"addition"
1250,0,0.0508,31.7,0.000812164,129.270,"addition"
1600,0,0.0508,31.7,0.000812164,131.010,"addition"
2000,0,0.0508,31.7,0.000812164,133.010,"addition"
2500,0,0.0508,31.7,0.000812164,134.870,"addition"
3150,0,0.0508,31.7,0.000812164,135.490,"addition"
4000,0,0.0508,31.7,0.000812164,134.110,"addition"
5000,0,0.0508,31.7,0.000812164,133.230,"addition"
6300,0,0.0508,31.7,0.000812164,130.340,"addition"
8000,0,0.0508,31.7,0.000812164,126.590,"addition"
10000,0,0.0508,31.7,0.000812164,122.450,"addition"
12500,0,0.0508,31.7,0.000812164,119.070,"addition"
1600,4.2,0.0508,71.3,0.00142788,124.318,"addition"
2000,4.2,0.0508,71.3,0.00142788,129.848,"addition"
2500,4.2,0.0508,71.3,0.00142788,131.978,"addition"
3150,4.2,0.0508,71.3,0.00142788,133.728,"addition"
4000,4.2,0.0508,71.3,0.00142788,133.598,"addition"
5000,4.2,0.0508,71.3,0.00142788,132.828,"addition"
6300,4.2,0.0508,71.3,0.00142788,129.308,"addition"
8000,4.2,0.0508,71.3,0.00142788,125.268,"addition"
10000,4.2,0.0508,71.3,0.00142788,121.238,"addition"
12500,4.2,0.0508,71.3,0.00142788,117.328,"addition"
1000,4.2,0.0508,39.6,0.00152689,125.647,"addition"
1250,4.2,0.0508,39.6,0.00152689,128.427,"addition"
1600,4.2,0.0508,39.6,0.00152689,130.197,"addition"
2000,4.2,0.0508,39.6,0.00152689,132.587,"addition"
2500,4.2,0.0508,39.6,0.00152689,133.847,"addition"
3150,4.2,0.0508,39.6,0.00152689,133.587,"addition"
4000,4.2,0.0508,39.6,0.00152689,131.807,"addition"
5000,4.2,0.0508,39.6,0.00152689,129.777,"addition"
6300,4.2,0.0508,39.6,0.00152689,125.717,"addition"
8000,4.2,0.0508,39.6,0.00152689,120.397,"addition"
10000,4.2,0.0508,39.6,0.00152689,116.967,"addition"
800,8.4,0.0508,71.3,0.00529514,127.556,"addition"
1000,8.4,0.0508,71.3,0.00529514,129.946,"addition"
1250,8.4,0.0508,71.3,0.00529514,132.086,"addition"
1600,8.4,0.0508,71.3,0.00529514,133.846,"addition"
2000,8.4,0.0508,71.3,0.00529514,134.476,"addition"
2500,8.4,0.0508,71.3,0.00529514,134.226,"addition"
3150,8.4,0.0508,71.3,0.00529514,131.966,"addition"
4000,8.4,0.0508,71.3,0.00529514,126.926,"addition"
5000,8.4,0.0508,71.3,0.00529514,121.146,"addition"
400,8.4,0.0508,55.5,0.00544854,121.582,"addition"
500,8.4,0.0508,55.5,0.00544854,123.742,"addition"
630,8.4,0.0508,55.5,0.00544854,126.152,"addition"
800,8.4,0.0508,55.5,0.00544854,128.562,"addition"
1000,8.4,0.0508,55.5,0.00544854,130.722,"addition"
1250,8.4,0.0508,55.5,0.00544854,132.252,"addition"
1600,8.4,0.0508,55.5,0.00544854,133.032,"addition"
2000,8.4,0.0508,55.5,0.00544854,133.042,"addition"
2500,8.4,0.0508,55.5,0.00544854,131.542,"addition"
3150,8.4,0.0508,55.5,0.00544854,128.402,"addition"
4000,8.4,0.0508,55.5,0.00544854,122.612,"addition"
5000,8.4,0.0508,55.5,0.00544854,115.812,"addition"
400,8.4,0.0508,39.6,0.00566229,120.015,"addition"
500,8.4,0.0508,39.6,0.00566229,122.905,"addition"
630,8.4,0.0508,39.6,0.00566229,126.045,"addition"
800,8.4,0.0508,39.6,0.00566229,128.435,"addition"
1000,8.4,0.0508,39.6,0.00566229,130.195,"addition"
1250,8.4,0.0508,39.6,0.00566229,131.205,"addition"
1600,8.4,0.0508,39.6,0.00566229,130.965,"addition"
2000,8.4,0.0508,39.6,0.00566229,129.965,"addition"
2500,8.4,0.0508,39.6,0.00566229,127.465,"addition"
3150,8.4,0.0508,39.6,0.00566229,123.965,"addition"
4000,8.4,0.0508,39.6,0.00566229,118.955,"addition"
400,8.4,0.0508,31.7,0.00580776,120.076,"addition"
500,8.4,0.0508,31.7,0.00580776,122.966,"addition"
630,8.4,0.0508,31.7,0.00580776,125.856,"addition"
800,8.4,0.0508,31.7,0.00580776,128.246,"addition"
1000,8.4,0.0508,31.7,0.00580776,129.516,"addition"
1250,8.4,0.0508,31.7,0.00580776,130.156,"addition"
1600,8.4,0.0508,31.7,0.00580776,129.296,"addition"
2000,8.4,0.0508,31.7,0.00580776,127.686,"addition"
2500,8.4,0.0508,31.7,0.00580776,125.576,"addition"
3150,8.4,0.0508,31.7,0.00580776,122.086,"addition"
4000,8.4,0.0508,31.7,0.00580776,118.106,"addition"
200,11.2,0.0508,71.3,0.014072,125.941,"addition"
250,11.2,0.0508,71.3,0.014072,127.101,"addition"
315,11.2,0.0508,71.3,0.014072,128.381,"addition"
400,11.2,0.0508,71.3,0.014072,129.281,"addition"
500,11.2,0.0508,71.3,0.014072,130.311,"addition"
630,11.2,0.0508,71.3,0.014072,133.611,"addition"
800,11.2,0.0508,71.3,0.014072,136.031,"addition"
1000,11.2,0.0508,71.3,0.014072,136.941,"addition"
1250,11.2,0.0508,71.3,0.014072,136.191,"addition"
1600,11.2,0.0508,71.3,0.014072,135.191,"addition"
2000,11.2,0.0508,71.3,0.014072,133.311,"addition"
2500,11.2,0.0508,71.3,0.014072,130.541,"addition"
3150,11.2,0.0508,71.3,0.014072,127.141,"addition"
4000,11.2,0.0508,71.3,0.014072,122.471,"addition"
200,11.2,0.0508,39.6,0.0150478,125.010,"addition"
250,11.2,0.0508,39.6,0.0150478,126.430,"addition"
315,11.2,0.0508,39.6,0.0150478,128.990,"addition"
400,11.2,0.0508,39.6,0.0150478,130.670,"addition"
500,11.2,0.0508,39.6,0.0150478,131.960,"addition"
630,11.2,0.0508,39.6,0.0150478,133.130,"addition"
800,11.2,0.0508,39.6,0.0150478,133.790,"addition"
1000,11.2,0.0508,39.6,0.0150478,132.430,"addition"
1250,11.2,0.0508,39.6,0.0150478,130.050,"addition"
1600,11.2,0.0508,39.6,0.0150478,126.540,"addition"
2000,11.2,0.0508,39.6,0.0150478,124.420,"addition"
2500,11.2,0.0508,39.6,0.0150478,122.170,"addition"
3150,11.2,0.0508,39.6,0.0150478,119.670,"addition"
4000,11.2,0.0508,39.6,0.0150478,115.520,"addition"
200,15.4,0.0508,71.3,0.0264269,123.595,"addition"
250,15.4,0.0508,71.3,0.0264269,124.835,"addition"
315,15.4,0.0508,71.3,0.0264269,126.195,"addition"
400,15.4,0.0508,71.3,0.0264269,126.805,"addition"
500,15.4,0.0508,71.3,0.0264269,127.285,"addition"
630,15.4,0.0508,71.3,0.0264269,129.645,"addition"
800,15.4,0.0508,71.3,0.0264269,131.515,"addition"
1000,15.4,0.0508,71.3,0.0264269,131.865,"addition"
1250,15.4,0.0508,71.3,0.0264269,130.845,"addition"
1600,15.4,0.0508,71.3,0.0264269,130.065,"addition"
2000,15.4,0.0508,71.3,0.0264269,129.285,"addition"
2500,15.4,0.0508,71.3,0.0264269,127.625,"addition"
3150,15.4,0.0508,71.3,0.0264269,125.715,"addition"
4000,15.4,0.0508,71.3,0.0264269,122.675,"addition"
5000,15.4,0.0508,71.3,0.0264269,119.135,"addition"
6300,15.4,0.0508,71.3,0.0264269,115.215,"addition"
8000,15.4,0.0508,71.3,0.0264269,112.675,"addition"
200,15.4,0.0508,55.5,0.0271925,122.940,"addition"
250,15.4,0.0508,55.5,0.0271925,124.170,"addition"
315,15.4,0.0508,55.5,0.0271925,125.390,"addition"
400,15.4,0.0508,55.5,0.0271925,126.500,"addition"
500,15.4,0.0508,55.5,0.0271925,127.220,"addition"
630,15.4,0.0508,55.5,0.0271925,129.330,"addition"
800,15.4,0.0508,55.5,0.0271925,130.430,"addition"
1000,15.4,0.0508,55.5,0.0271925,130.400,"addition"
1250,15.4,0.0508,55.5,0.0271925,130.000,"addition"
1600,15.4,0.0508,55.5,0.0271925,128.200,"addition"
2000,15.4,0.0508,55.5,0.0271925,127.040,"addition"
2500,15.4,0.0508,55.5,0.0271925,125.630,"addition"
3150,15.4,0.0508,55.5,0.0271925,123.460,"addition"
4000,15.4,0.0508,55.5,0.0271925,120.920,"addition"
5000,15.4,0.0508,55.5,0.0271925,117.110,"addition"
6300,15.4,0.0508,55.5,0.0271925,112.930,"addition"
200,15.4,0.0508,39.6,0.0282593,121.783,"addition"
250,15.4,0.0508,39.6,0.0282593,122.893,"addition"
315,15.4,0.0508,39.6,0.0282593,124.493,"addition"
400,15.4,0.0508,39.6,0.0282593,125.353,"addition"
500,15.4,0.0508,39.6,0.0282593,125.963,"addition"
630,15.4,0.0508,39.6,0.0282593,127.443,"addition"
800,15.4,0.0508,39.6,0.0282593,128.423,"addition"
1000,15.4,0.0508,39.6,0.0282593,127.893,"addition"
1250,15.4,0.0508,39.6,0.0282593,126.743,"addition"
1600,15.4,0.0508,39.6,0.0282593,124.843,"addition"
2000,15.4,0.0508,39.6,0.0282593,123.443,"addition"
2500,15.4,0.0508,39.6,0.0282593,122.413,"addition"
3150,15.4,0.0508,39.6,0.0282593,120.513,"addition"
4000,15.4,0.0508,39.6,0.0282593,118.113,"addition"
5000,15.4,0.0508,39.6,0.0282593,114.453,"addition"
6300,15.4,0.0508,39.6,0.0282593,109.663,"addition"
200,15.4,0.0508,31.7,0.0289853,119.975,"addition"
250,15.4,0.0508,31.7,0.0289853,121.225,"addition"
315,15.4,0.0508,31.7,0.0289853,122.845,"addition"
400,15.4,0.0508,31.7,0.0289853,123.705,"addition"
500,15.4,0.0508,31.7,0.0289853,123.695,"addition"
630,15.4,0.0508,31.7,0.0289853,124.685,"addition"
800,15.4,0.0508,31.7,0.0289853,125.555,"addition"
1000,15.4,0.0508,31.7,0.0289853,124.525,"addition"
1250,15.4,0.0508,31.7,0.0289853,123.255,"addition"
1600,15.4,0.0508,31.7,0.0289853,121.485,"addition"
2000,15.4,0.0508,31.7,0.0289853,120.835,"addition"
2500,15.4,0.0508,31.7,0.0289853,119.945,"addition"
3150,15.4,0.0508,31.7,0.0289853,118.045,"addition"
4000,15.4,0.0508,31.7,0.0289853,115.635,"addition"
5000,15.4,0.0508,31.7,0.0289853,112.355,"addition"
6300,15.4,0.0508,31.7,0.0289853,108.185,"addition"
200,19.7,0.0508,71.3,0.0341183,118.005,"addition"
250,19.7,0.0508,71.3,0.0341183,119.115,"addition"
315,19.7,0.0508,71.3,0.0341183,121.235,"addition"
400,19.7,0.0508,71.3,0.0341183,123.865,"addition"
500,19.7,0.0508,71.3,0.0341183,126.995,"addition"
630,19.7,0.0508,71.3,0.0341183,128.365,"addition"
800,19.7,0.0508,71.3,0.0341183,124.555,"addition"
1000,19.7,0.0508,71.3,0.0341183,121.885,"addition"
1250,19.7,0.0508,71.3,0.0341183,121.485,"addition"
1600,19.7,0.0508,71.3,0.0341183,120.575,"addition"
2000,19.7,0.0508,71.3,0.0341183,120.055,"addition"
2500,19.7,0.0508,71.3,0.0341183,118.385,"addition"
3150,19.7,0.0508,71.3,0.0341183,116.225,"addition"
4000,19.7,0.0508,71.3,0.0341183,113.045,"addition"
200,19.7,0.0508,39.6,0.036484,125.974,"addition"
250,19.7,0.0508,39.6,0.036484,127.224,"addition"
315,19.7,0.0508,39.6,0.036484,129.864,"addition"
400,19.7,0.0508,39.6,0.036484,130.614,"addition"
500,19.7,0.0508,39.6,0.036484,128.444,"addition"
630,19.7,0.0508,39.6,0.036484,120.324,"addition"
800,19.7,0.0508,39.6,0.036484,119.174,"addition"
1000,19.7,0.0508,39.6,0.036484,118.904,"addition"
1250,19.7,0.0508,39.6,0.036484,118.634,"addition"
1600,19.7,0.0508,39.6,0.036484,117.604,"addition"
2000,19.7,0.0508,39.6,0.036484,117.724,"addition"
2500,19.7,0.0508,39.6,0.036484,116.184,"addition"
3150,19.7,0.0508,39.6,0.036484,113.004,"addition"
4000,19.7,0.0508,39.6,0.036484,108.684,"addition"
2500,0,0.0254,71.3,0.000400682,133.707,"addition"
3150,0,0.0254,71.3,0.000400682,137.007,"addition"
4000,0,0.0254,71.3,0.000400682,138.557,"addition"
5000,0,0.0254,71.3,0.000400682,136.837,"addition"
6300,0,0.0254,71.3,0.000400682,134.987,"addition"
8000,0,0.0254,71.3,0.000400682,129.867,"addition"
10000,0,0.0254,71.3,0.000400682,130.787,"addition"
12500,0,0.0254,71.3,0.000400682,133.207,"addition"
16000,0,0.0254,71.3,0.000400682,130.477,"addition"
20000,0,0.0254,71.3,0.000400682,123.217,"addition"
2000,0,0.0254,55.5,0.00041229,127.623,"addition"
2500,0,0.0254,55.5,0.00041229,130.073,"addition"
3150,0,0.0254,55.5,0.00041229,130.503,"addition"
4000,0,0.0254,55.5,0.00041229,133.223,"addition"
5000,0,0.0254,55.5,0.00041229,135.803,"addition"
6300,0,0.0254,55.5,0.00041229,136.103,"addition"
8000,0,0.0254,55.5,0.00041229,136.163,"addition"
10000,0,0.0254,55.5,0.00041229,134.563,"addition"
12500,0,0.0254,55.5,0.00041229,131.453,"addition"
16000,0,0.0254,55.5,0.00041229,125.683,"addition"
20000,0,0.0254,55.5,0.00041229,121.933,"addition"
1600,0,0.0254,39.6,0.000428464,124.156,"addition"
2000,0,0.0254,39.6,0.000428464,130.026,"addition"
2500,0,0.0254,39.6,0.000428464,131.836,"addition"
3150,0,0.0254,39.6,0.000428464,133.276,"addition"
4000,0,0.0254,39.6,0.000428464,135.346,"addition"
5000,0,0.0254,39.6,0.000428464,136.536,"addition"
6300,0,0.0254,39.6,0.000428464,136.826,"addition"
8000,0,0.0254,39.6,0.000428464,135.866,"addition"
10000,0,0.0254,39.6,0.000428464,133.376,"addition"
12500,0,0.0254,39.6,0.000428464,129.116,"addition"
16000,0,0.0254,39.6,0.000428464,124.986,"addition"
1000,0,0.0254,31.7,0.000439472,125.127,"addition"
1250,0,0.0254,31.7,0.000439472,127.947,"addition"
1600,0,0.0254,31.7,0.000439472,129.267,"addition"
2000,0,0.0254,31.7,0.000439472,130.697,"addition"
2500,0,0.0254,31.7,0.000439472,132.897,"addition"
3150,0,0.0254,31.7,0.000439472,135.227,"addition"
4000,0,0.0254,31.7,0.000439472,137.047,"addition"
5000,0,0.0254,31.7,0.000439472,138.607,"addition"
6300,0,0.0254,31.7,0.000439472,138.537,"addition"
8000,0,0.0254,31.7,0.000439472,137.207,"addition"
10000,0,0.0254,31.7,0.000439472,134.227,"addition"
12500,0,0.0254,31.7,0.000439472,128.977,"addition"
16000,0,0.0254,31.7,0.000439472,125.627,"addition"
2000,4.8,0.0254,71.3,0.000848633,128.398,"addition"
2500,4.8,0.0254,71.3,0.000848633,130.828,"addition"
3150,4.8,0.0254,71.3,0.000848633,133.378,"addition"
4000,4.8,0.0254,71.3,0.000848633,134.928,"addition"
5000,4.8,0.0254,71.3,0.000848633,135.468,"addition"
6300,4.8,0.0254,71.3,0.000848633,134.498,"addition"
8000,4.8,0.0254,71.3,0.000848633,131.518,"addition"
10000,4.8,0.0254,71.3,0.000848633,127.398,"addition"
12500,4.8,0.0254,71.3,0.000848633,127.688,"addition"
16000,4.8,0.0254,71.3,0.000848633,124.208,"addition"
20000,4.8,0.0254,71.3,0.000848633,119.708,"addition"
1600,4.8,0.0254,55.5,0.000873218,121.474,"addition"
2000,4.8,0.0254,55.5,0.000873218,125.054,"addition"
2500,4.8,0.0254,55.5,0.000873218,129.144,"addition"
3150,4.8,0.0254,55.5,0.000873218,132.354,"addition"
4000,4.8,0.0254,55.5,0.000873218,133.924,"addition"
5000,4.8,0.0254,55.5,0.000873218,135.484,"addition"
6300,4.8,0.0254,55.5,0.000873218,135.164,"addition"
8000,4.8,0.0254,55.5,0.000873218,132.184,"addition"
10000,4.8,0.0254,55.5,0.000873218,126.944,"addition"
12500,4.8,0.0254,55.5,0.000873218,125.094,"addition"
16000,4.8,0.0254,55.5,0.000873218,124.394,"addition"
20000,4.8,0.0254,55.5,0.000873218,121.284,"addition"
500,4.8,0.0254,39.6,0.000907475,116.366,"addition"
630,4.8,0.0254,39.6,0.000907475,118.696,"addition"
800,4.8,0.0254,39.6,0.000907475,120.766,"addition"
1000,4.8,0.0254,39.6,0.000907475,122.956,"addition"
1250,4.8,0.0254,39.6,0.000907475,125.026,"addition"
1600,4.8,0.0254,39.6,0.000907475,125.966,"addition"
2000,4.8,0.0254,39.6,0.000907475,128.916,"addition"
2500,4.8,0.0254,39.6,0.000907475,131.236,"addition"
3150,4.8,0.0254,39.6,0.000907475,133.436,"addition"
4000,4.8,0.0254,39.6,0.000907475,134.996,"addition"
5000,4.8,0.0254,39.6,0.000907475,135.426,"addition"
6300,4.8,0.0254,39.6,0.000907475,134.336,"addition"
8000,4.8,0.0254,39.6,0.000907475,131.346,"addition"
10000,4.8,0.0254,39.6,0.000907475,126.066,"addition"
500,4.8,0.0254,31.7,0.000930789,116.128,"addition"
630,4.8,0.0254,31.7,0.000930789,120.078,"addition"
800,4.8,0.0254,31.7,0.000930789,122.648,"addition"
1000,4.8,0.0254,31.7,0.000930789,125.348,"addition"
1250,4.8,0.0254,31.7,0.000930789,127.408,"addition"
1600,4.8,0.0254,31.7,0.000930789,128.718,"addition"
2000,4.8,0.0254,31.7,0.000930789,130.148,"addition"
2500,4.8,0.0254,31.7,0.000930789,132.588,"addition"
3150,4.8,0.0254,31.7,0.000930789,134.268,"addition"
4000,4.8,0.0254,31.7,0.000930789,135.328,"addition"
5000,4.8,0.0254,31.7,0.000930789,135.248,"addition"
6300,4.8,0.0254,31.7,0.000930789,132.898,"addition"
8000,4.8,0.0254,31.7,0.000930789,127.008,"addition"
630,9.5,0.0254,71.3,0.00420654,125.726,"addition"
800,9.5,0.0254,71.3,0.00420654,127.206,"addition"
1000,9.5,0.0254,71.3,0.00420654,129.556,"addition"
1250,9.5,0.0254,71.3,0.00420654,131.656,"addition"
1600,9.5,0.0254,71.3,0.00420654,133.756,"addition"
2000,9.5,0.0254,71.3,0.00420654,134.976,"addition"
2500,9.5,0.0254,71.3,0.00420654,135.956,"addition"
3150,9.5,0.0254,71.3,0.00420654,136.166,"addition"
4000,9.5,0.0254,71.3,0.00420654,134.236,"addition"
5000,9.5,0.0254,71.3,0.00420654,131.186,"addition"
6300,9.5,0.0254,71.3,0.00420654,127.246,"addition"
400,9.5,0.0254,55.5,0.0043284,120.952,"addition"
500,9.5,0.0254,55.5,0.0043284,123.082,"addition"
630,9.5,0.0254,55.5,0.0043284,125.452,"addition"
800,9.5,0.0254,55.5,0.0043284,128.082,"addition"
1000,9.5,0.0254,55.5,0.0043284,130.332,"addition"
1250,9.5,0.0254,55.5,0.0043284,132.202,"addition"
1600,9.5,0.0254,55.5,0.0043284,133.062,"addition"
2000,9.5,0.0254,55.5,0.0043284,134.052,"addition"
2500,9.5,0.0254,55.5,0.0043284,134.152,"addition"
3150,9.5,0.0254,55.5,0.0043284,133.252,"addition"
4000,9.5,0.0254,55.5,0.0043284,131.582,"addition"
5000,9.5,0.0254,55.5,0.0043284,128.412,"addition"
6300,9.5,0.0254,55.5,0.0043284,124.222,"addition"
200,9.5,0.0254,39.6,0.00449821,116.074,"addition"
250,9.5,0.0254,39.6,0.00449821,116.924,"addition"
315,9.5,0.0254,39.6,0.00449821,119.294,"addition"
400,9.5,0.0254,39.6,0.00449821,121.154,"addition"
500,9.5,0.0254,39.6,0.00449821,123.894,"addition"
630,9.5,0.0254,39.6,0.00449821,126.514,"addition"
800,9.5,0.0254,39.6,0.00449821,129.014,"addition"
1000,9.5,0.0254,39.6,0.00449821,130.374,"addition"
1250,9.5,0.0254,39.6,0.00449821,130.964,"addition"
1600,9.5,0.0254,39.6,0.00449821,131.184,"addition"
2000,9.5,0.0254,39.6,0.00449821,131.274,"addition"
2500,9.5,0.0254,39.6,0.00449821,131.234,"addition"
3150,9.5,0.0254,39.6,0.00449821,129.934,"addition"
4000,9.5,0.0254,39.6,0.00449821,127.864,"addition"
5000,9.5,0.0254,39.6,0.00449821,125.044,"addition"
6300,9.5,0.0254,39.6,0.00449821,120.324,"addition"
200,9.5,0.0254,31.7,0.00461377,119.146,"addition"
250,9.5,0.0254,31.7,0.00461377,120.136,"addition"
315,9.5,0.0254,31.7,0.00461377,122.766,"addition"
400,9.5,0.0254,31.7,0.00461377,124.756,"addition"
500,9.5,0.0254,31.7,0.00461377,126.886,"addition"
630,9.5,0.0254,31.7,0.00461377,129.006,"addition"
800,9.5,0.0254,31.7,0.00461377,130.746,"addition"
1000,9.5,0.0254,31.7,0.00461377,131.346,"addition"
1250,9.5,0.0254,31.7,0.00461377,131.446,"addition"
1600,9.5,0.0254,31.7,0.00461377,131.036,"addition"
2000,9.5,0.0254,31.7,0.00461377,130.496,"addition"
2500,9.5,0.0254,31.7,0.00461377,130.086,"addition"
3150,9.5,0.0254,31.7,0.00461377,128.536,"addition"
4000,9.5,0.0254,31.7,0.00461377,126.736,"addition"
5000,9.5,0.0254,31.7,0.00461377,124.426,"addition"
6300,9.5,0.0254,31.7,0.00461377,120.726,"addition"
250,12.7,0.0254,71.3,0.0121808,119.698,"addition"
315,12.7,0.0254,71.3,0.0121808,122.938,"addition"
400,12.7,0.0254,71.3,0.0121808,125.048,"addition"
500,12.7,0.0254,71.3,0.0121808,126.898,"addition"
630,12.7,0.0254,71.3,0.0121808,128.878,"addition"
800,12.7,0.0254,71.3,0.0121808,130.348,"addition"
1000,12.7,0.0254,71.3,0.0121808,131.698,"addition"
1250,12.7,0.0254,71.3,0.0121808,133.048,"addition"
1600,12.7,0.0254,71.3,0.0121808,134.528,"addition"
2000,12.7,0.0254,71.3,0.0121808,134.228,"addition"
2500,12.7,0.0254,71.3,0.0121808,134.058,"addition"
3150,12.7,0.0254,71.3,0.0121808,133.758,"addition"
4000,12.7,0.0254,71.3,0.0121808,131.808,"addition"
5000,12.7,0.0254,71.3,0.0121808,128.978,"addition"
6300,12.7,0.0254,71.3,0.0121808,125.398,"addition"
8000,12.7,0.0254,71.3,0.0121808,120.538,"addition"
10000,12.7,0.0254,71.3,0.0121808,114.418,"addition"
250,12.7,0.0254,39.6,0.0130253,121.547,"addition"
315,12.7,0.0254,39.6,0.0130253,123.537,"addition"
400,12.7,0.0254,39.6,0.0130253,125.527,"addition"
500,12.7,0.0254,39.6,0.0130253,127.127,"addition"
630,12.7,0.0254,39.6,0.0130253,128.867,"addition"
800,12.7,0.0254,39.6,0.0130253,130.217,"addition"
1000,12.7,0.0254,39.6,0.0130253,130.947,"addition"
1250,12.7,0.0254,39.6,0.0130253,130.777,"addition"
1600,12.7,0.0254,39.6,0.0130253,129.977,"addition"
2000,12.7,0.0254,39.6,0.0130253,129.567,"addition"
2500,12.7,0.0254,39.6,0.0130253,129.027,"addition"
3150,12.7,0.0254,39.6,0.0130253,127.847,"addition"
4000,12.7,0.0254,39.6,0.0130253,126.537,"addition"
5000,12.7,0.0254,39.6,0.0130253,125.107,"addition"
6300,12.7,0.0254,39.6,0.0130253,123.177,"addition"
8000,12.7,0.0254,39.6,0.0130253,120.607,"addition"
10000,12.7,0.0254,39.6,0.0130253,116.017,"addition"
200,17.4,0.0254,71.3,0.016104,112.506,"addition"
250,17.4,0.0254,71.3,0.016104,113.796,"addition"
315,17.4,0.0254,71.3,0.016104,115.846,"addition"
400,17.4,0.0254,71.3,0.016104,117.396,"addition"
500,17.4,0.0254,71.3,0.016104,119.806,"addition"
630,17.4,0.0254,71.3,0.016104,122.606,"addition"
800,17.4,0.0254,71.3,0.016104,124.276,"addition"
1000,17.4,0.0254,71.3,0.016104,125.816,"addition"
1250,17.4,0.0254,71.3,0.016104,126.356,"addition"
1600,17.4,0.0254,71.3,0.016104,126.406,"addition"
2000,17.4,0.0254,71.3,0.016104,126.826,"addition"
2500,17.4,0.0254,71.3,0.016104,126.746,"addition"
3150,17.4,0.0254,71.3,0.016104,126.536,"addition"
4000,17.4,0.0254,71.3,0.016104,125.586,"addition"
5000,17.4,0.0254,71.3,0.016104,123.126,"addition"
6300,17.4,0.0254,71.3,0.016104,119.916,"addition"
8000,17.4,0.0254,71.3,0.016104,115.466,"addition"
200,17.4,0.0254,55.5,0.0165706,109.951,"addition"
250,17.4,0.0254,55.5,0.0165706,110.491,"addition"
315,17.4,0.0254,55.5,0.0165706,111.911,"addition"
400,17.4,0.0254,55.5,0.0165706,115.461,"addition"
500,17.4,0.0254,55.5,0.0165706,119.621,"addition"
630,17.4,0.0254,55.5,0.0165706,122.411,"addition"
800,17.4,0.0254,55.5,0.0165706,123.091,"addition"
1000,17.4,0.0254,55.5,0.0165706,126.001,"addition"
1250,17.4,0.0254,55.5,0.0165706,129.301,"addition"
1600,17.4,0.0254,55.5,0.0165706,126.471,"addition"
2000,17.4,0.0254,55.5,0.0165706,125.261,"addition"
2500,17.4,0.0254,55.5,0.0165706,124.931,"addition"
3150,17.4,0.0254,55.5,0.0165706,124.101,"addition"
4000,17.4,0.0254,55.5,0.0165706,121.771,"addition"
5000,17.4,0.0254,55.5,0.0165706,118.941,"addition"
6300,17.4,0.0254,55.5,0.0165706,114.861,"addition"
200,17.4,0.0254,39.6,0.0172206,114.044,"addition"
250,17.4,0.0254,39.6,0.0172206,114.714,"addition"
315,17.4,0.0254,39.6,0.0172206,115.144,"addition"
400,17.4,0.0254,39.6,0.0172206,115.444,"addition"
500,17.4,0.0254,39.6,0.0172206,117.514,"addition"
630,17.4,0.0254,39.6,0.0172206,124.514,"addition"
800,17.4,0.0254,39.6,0.0172206,135.324,"addition"
1000,17.4,0.0254,39.6,0.0172206,138.274,"addition"
1250,17.4,0.0254,39.6,0.0172206,131.364,"addition"
1600,17.4,0.0254,39.6,0.0172206,127.614,"addition"
2000,17.4,0.0254,39.6,0.0172206,126.644,"addition"
2500,17.4,0.0254,39.6,0.0172206,124.154,"addition"
3150,17.4,0.0254,39.6,0.0172206,123.564,"addition"
4000,17.4,0.0254,39.6,0.0172206,122.724,"addition"
5000,17.4,0.0254,39.6,0.0172206,119.854,"addition"
200,17.4,0.0254,31.7,0.0176631,116.146,"addition"
250,17.4,0.0254,31.7,0.0176631,116.956,"addition"
315,17.4,0.0254,31.7,0.0176631,118.416,"addition"
400,17.4,0.0254,31.7,0.0176631,120.766,"addition"
500,17.4,0.0254,31.7,0.0176631,127.676,"addition"
630,17.4,0.0254,31.7,0.0176631,136.886,"addition"
800,17.4,0.0254,31.7,0.0176631,139.226,"addition"
1000,17.4,0.0254,31.7,0.0176631,131.796,"addition"
1250,17.4,0.0254,31.7,0.0176631,128.306,"addition"
1600,17.4,0.0254,31.7,0.0176631,126.846,"addition"
2000,17.4,0.0254,31.7,0.0176631,124.356,"addition"
2500,17.4,0.0254,31.7,0.0176631,124.166,"addition"
3150,17.4,0.0254,31.7,0.0176631,123.466,"addition"
4000,17.4,0.0254,31.7,0.0176631,121.996,"addition"
5000,17.4,0.0254,31.7,0.0176631,117.996,"addition"
315,22.2,0.0254,71.3,0.0214178,115.857,"addition"
400,22.2,0.0254,71.3,0.0214178,117.927,"addition"
500,22.2,0.0254,71.3,0.0214178,117.967,"addition"
630,22.2,0.0254,71.3,0.0214178,120.657,"addition"
800,22.2,0.0254,71.3,0.0214178,123.227,"addition"
1000,22.2,0.0254,71.3,0.0214178,134.247,"addition"
1250,22.2,0.0254,71.3,0.0214178,140.987,"addition"
1600,22.2,0.0254,71.3,0.0214178,131.817,"addition"
2000,22.2,0.0254,71.3,0.0214178,127.197,"addition"
2500,22.2,0.0254,71.3,0.0214178,126.097,"addition"
3150,22.2,0.0254,71.3,0.0214178,124.127,"addition"
4000,22.2,0.0254,71.3,0.0214178,123.917,"addition"
5000,22.2,0.0254,71.3,0.0214178,125.727,"addition"
6300,22.2,0.0254,71.3,0.0214178,123.127,"addition"
8000,22.2,0.0254,71.3,0.0214178,121.657,"addition"
200,22.2,0.0254,39.6,0.0229028,116.066,"addition"
250,22.2,0.0254,39.6,0.0229028,117.386,"addition"
315,22.2,0.0254,39.6,0.0229028,120.716,"addition"
400,22.2,0.0254,39.6,0.0229028,123.416,"addition"
500,22.2,0.0254,39.6,0.0229028,129.776,"addition"
630,22.2,0.0254,39.6,0.0229028,137.026,"addition"
800,22.2,0.0254,39.6,0.0229028,137.076,"addition"
1000,22.2,0.0254,39.6,0.0229028,128.416,"addition"
1250,22.2,0.0254,39.6,0.0229028,126.446,"addition"
1600,22.2,0.0254,39.6,0.0229028,122.216,"addition"
2000,22.2,0.0254,39.6,0.0229028,121.256,"addition"
2500,22.2,0.0254,39.6,0.0229028,121.306,"addition"
3150,22.2,0.0254,39.6,0.0229028,120.856,"addition"
4000,22.2,0.0254,39.6,0.0229028,119.646,"addition"
5000,22.2,0.0254,39.6,0.0229028,118.816,"addition"
630,0,0.1016,71.3,0.00121072,124.155,"addition"
800,0,0.1016,71.3,0.00121072,126.805,"addition"
1000,0,0.1016,71.3,0.00121072,128.825,"addition"
1250,0,0.1016,71.3,0.00121072,130.335,"addition"
1600,0,0.1016,71.3,0.00121072,131.725,"addition"
2000,0,0.1016,71.3,0.00121072,132.095,"addition"
2500,0,0.1016,71.3,0.00121072,132.595,"addition"
3150,0,0.1016,71.3,0.00121072,131.955,"addition"
4000,0,0.1016,71.3,0.00121072,130.935,"addition"
5000,0,0.1016,71.3,0.00121072,130.795,"addition"
6300,0,0.1016,71.3,0.00121072,129.395,"addition"
8000,0,0.1016,71.3,0.00121072,125.465,"addition"
10000,0,0.1016,71.3,0.00121072,123.305,"addition"
12500,0,0.1016,71.3,0.00121072,119.375,"addition"
630,0,0.1016,55.5,0.00131983,126.170,"addition"
800,0,0.1016,55.5,0.00131983,127.920,"addition"
1000,0,0.1016,55.5,0.00131983,129.800,"addition"
1250,0,0.1016,55.5,0.00131983,131.430,"addition"
1600,0,0.1016,55.5,0.00131983,132.050,"addition"
2000,0,0.1016,55.5,0.00131983,132.540,"addition"
2500,0,0.1016,55.5,0.00131983,133.040,"addition"
3150,0,0.1016,55.5,0.00131983,131.780,"addition"
4000,0,0.1016,55.5,0.00131983,129.500,"addition"
5000,0,0.1016,55.5,0.00131983,128.360,"addition"
6300,0,0.1016,55.5,0.00131983,127.730,"addition"
8000,0,0.1016,55.5,0.00131983,124.450,"addition"
10000,0,0.1016,55.5,0.00131983,121.930,"addition"
12500,0,0.1016,55.5,0.00131983,119.910,"addition"
630,0,0.1016,39.6,0.00146332,125.401,"addition"
800,0,0.1016,39.6,0.00146332,128.401,"addition"
1000,0,0.1016,39.6,0.00146332,130.781,"addition"
1250,0,0.1016,39.6,0.00146332,132.271,"addition"
1600,0,0.1016,39.6,0.00146332,133.261,"addition"
2000,0,0.1016,39.6,0.00146332,133.251,"addition"
2500,0,0.1016,39.6,0.00146332,132.611,"addition"
3150,0,0.1016,39.6,0.00146332,130.961,"addition"
4000,0,0.1016,39.6,0.00146332,127.801,"addition"
5000,0,0.1016,39.6,0.00146332,126.021,"addition"
6300,0,0.1016,39.6,0.00146332,125.631,"addition"
8000,0,0.1016,39.6,0.00146332,122.341,"addition"
10000,0,0.1016,39.6,0.00146332,119.561,"addition"
630,0,0.1016,31.7,0.00150092,126.413,"addition"
800,0,0.1016,31.7,0.00150092,129.053,"addition"
1000,0,0.1016,31.7,0.00150092,131.313,"addition"
1250,0,0.1016,31.7,0.00150092,133.063,"addition"
1600,0,0.1016,31.7,0.00150092,133.553,"addition"
2000,0,0.1016,31.7,0.00150092,133.153,"addition"
2500,0,0.1016,31.7,0.00150092,132.003,"addition"
3150,0,0.1016,31.7,0.00150092,129.973,"addition"
4000,0,0.1016,31.7,0.00150092,126.933,"addition"
5000,0,0.1016,31.7,0.00150092,124.393,"addition"
6300,0,0.1016,31.7,0.00150092,124.253,"addition"
8000,0,0.1016,31.7,0.00150092,120.193,"addition"
10000,0,0.1016,31.7,0.00150092,115.893,"addition"
800,3.3,0.1016,71.3,0.00202822,131.074,"addition"
1000,3.3,0.1016,71.3,0.00202822,131.434,"addition"
1250,3.3,0.1016,71.3,0.00202822,132.304,"addition"
1600,3.3,0.1016,71.3,0.00202822,133.664,"addition"
2000,3.3,0.1016,71.3,0.00202822,134.034,"addition"
2500,3.3,0.1016,71.3,0.00202822,133.894,"addition"
3150,3.3,0.1016,71.3,0.00202822,132.114,"addition"
4000,3.3,0.1016,71.3,0.00202822,128.704,"addition"
5000,3.3,0.1016,71.3,0.00202822,127.054,"addition"
6300,3.3,0.1016,71.3,0.00202822,124.904,"addition"
8000,3.3,0.1016,71.3,0.00202822,121.234,"addition"
10000,3.3,0.1016,71.3,0.00202822,116.694,"addition"
630,3.3,0.1016,55.5,0.002211,126.599,"addition"
800,3.3,0.1016,55.5,0.002211,129.119,"addition"
1000,3.3,0.1016,55.5,0.002211,131.129,"addition"
1250,3.3,0.1016,55.5,0.002211,132.769,"addition"
1600,3.3,0.1016,55.5,0.002211,133.649,"addition"
2000,3.3,0.1016,55.5,0.002211,133.649,"addition"
2500,3.3,0.1016,55.5,0.002211,132.889,"addition"
3150,3.3,0.1016,55.5,0.002211,130.629,"addition"
4000,3.3,0.1016,55.5,0.002211,127.229,"addition"
5000,3.3,0.1016,55.5,0.002211,124.839,"addition"
6300,3.3,0.1016,55.5,0.002211,123.839,"addition"
8000,3.3,0.1016,55.5,0.002211,120.569,"addition"
10000,3.3,0.1016,55.5,0.002211,115.659,"addition"
630,3.3,0.1016,39.6,0.00245138,127.251,"addition"
800,3.3,0.1016,39.6,0.00245138,129.991,"addition"
1000,3.3,0.1016,39.6,0.00245138,131.971,"addition"
1250,3.3,0.1016,39.6,0.00245138,133.211,"addition"
1600,3.3,0.1016,39.6,0.00245138,133.071,"addition"
2000,3.3,0.1016,39.6,0.00245138,132.301,"addition"
2500,3.3,0.1016,39.6,0.00245138,130.791,"addition"
3150,3.3,0.1016,39.6,0.00245138,128.401,"addition"
4000,3.3,0.1016,39.6,0.00245138,124.881,"addition"
5000,3.3,0.1016,39.6,0.00245138,122.371,"addition"
6300,3.3,0.1016,39.6,0.00245138,120.851,"addition"
8000,3.3,0.1016,39.6,0.00245138,118.091,"addition"
10000,3.3,0.1016,39.6,0.00245138,115.321,"addition"
630,3.3,0.1016,31.7,0.00251435,128.952,"addition"
800,3.3,0.1016,31.7,0.00251435,131.362,"addition"
1000,3.3,0.1016,31.7,0.00251435,133.012,"addition"
1250,3.3,0.1016,31.7,0.00251435,134.022,"addition"
1600,3.3,0.1016,31.7,0.00251435,133.402,"addition"
2000,3.3,0.1016,31.7,0.00251435,131.642,"addition"
2500,3.3,0.1016,31.7,0.00251435,130.392,"addition"
3150,3.3,0.1016,31.7,0.00251435,128.252,"addition"
4000,3.3,0.1016,31.7,0.00251435,124.852,"addition"
5000,3.3,0.1016,31.7,0.00251435,122.082,"addition"
6300,3.3,0.1016,31.7,0.00251435,120.702,"addition"
8000,3.3,0.1016,31.7,0.00251435,117.432,"addition"
630,6.7,0.1016,71.3,0.00478288,131.448,"addition"
800,6.7,0.1016,71.3,0.00478288,134.478,"addition"
1000,6.7,0.1016,71.3,0.00478288,136.758,"addition"
1250,6.7,0.1016,71.3,0.00478288,137.658,"addition"
1600,6.7,0.1016,71.3,0.00478288,136.678,"addition"
2000,6.7,0.1016,71.3,0.00478288,134.568,"addition"
2500,6.7,0.1016,71.3,0.00478288,131.458,"addition"
3150,6.7,0.1016,71.3,0.00478288,124.458,"addition"
500,6.7,0.1016,55.5,0.0052139,129.343,"addition"
630,6.7,0.1016,55.5,0.0052139,133.023,"addition"
800,6.7,0.1016,55.5,0.0052139,135.953,"addition"
1000,6.7,0.1016,55.5,0.0052139,137.233,"addition"
1250,6.7,0.1016,55.5,0.0052139,136.883,"addition"
1600,6.7,0.1016,55.5,0.0052139,133.653,"addition"
2000,6.7,0.1016,55.5,0.0052139,129.653,"addition"
2500,6.7,0.1016,55.5,0.0052139,124.273,"addition"
400,6.7,0.1016,39.6,0.00578076,128.295,"addition"
500,6.7,0.1016,39.6,0.00578076,130.955,"addition"
630,6.7,0.1016,39.6,0.00578076,133.355,"addition"
800,6.7,0.1016,39.6,0.00578076,134.625,"addition"
1000,6.7,0.1016,39.6,0.00578076,134.515,"addition"
1250,6.7,0.1016,39.6,0.00578076,132.395,"addition"
1600,6.7,0.1016,39.6,0.00578076,127.375,"addition"
2000,6.7,0.1016,39.6,0.00578076,122.235,"addition"
315,6.7,0.1016,31.7,0.00592927,126.266,"addition"
400,6.7,0.1016,31.7,0.00592927,128.296,"addition"
500,6.7,0.1016,31.7,0.00592927,130.206,"addition"
630,6.7,0.1016,31.7,0.00592927,132.116,"addition"
800,6.7,0.1016,31.7,0.00592927,132.886,"addition"
1000,6.7,0.1016,31.7,0.00592927,131.636,"addition"
1250,6.7,0.1016,31.7,0.00592927,129.256,"addition"
1600,6.7,0.1016,31.7,0.00592927,124.346,"addition"
2000,6.7,0.1016,31.7,0.00592927,120.446,"addition"
200,8.9,0.1016,71.3,0.0103088,133.503,"addition"
250,8.9,0.1016,71.3,0.0103088,134.533,"addition"
315,8.9,0.1016,71.3,0.0103088,136.583,"addition"
400,8.9,0.1016,71.3,0.0103088,138.123,"addition"
500,8.9,0.1016,71.3,0.0103088,138.523,"addition"
630,8.9,0.1016,71.3,0.0103088,138.423,"addition"
800,8.9,0.1016,71.3,0.0103088,137.813,"addition"
1000,8.9,0.1016,71.3,0.0103088,135.433,"addition"
1250,8.9,0.1016,71.3,0.0103088,132.793,"addition"
1600,8.9,0.1016,71.3,0.0103088,128.763,"addition"
2000,8.9,0.1016,71.3,0.0103088,124.233,"addition"
2500,8.9,0.1016,71.3,0.0103088,123.623,"addition"
3150,8.9,0.1016,71.3,0.0103088,123.263,"addition"
4000,8.9,0.1016,71.3,0.0103088,120.243,"addition"
5000,8.9,0.1016,71.3,0.0103088,116.723,"addition"
6300,8.9,0.1016,71.3,0.0103088,117.253,"addition"
200,8.9,0.1016,39.6,0.0124596,133.420,"addition"
250,8.9,0.1016,39.6,0.0124596,134.340,"addition"
315,8.9,0.1016,39.6,0.0124596,135.380,"addition"
400,8.9,0.1016,39.6,0.0124596,135.540,"addition"
500,8.9,0.1016,39.6,0.0124596,133.790,"addition"
630,8.9,0.1016,39.6,0.0124596,131.920,"addition"
800,8.9,0.1016,39.6,0.0124596,130.940,"addition"
1000,8.9,0.1016,39.6,0.0124596,129.580,"addition"
1250,8.9,0.1016,39.6,0.0124596,127.710,"addition"
1600,8.9,0.1016,39.6,0.0124596,123.820,"addition"
2000,8.9,0.1016,39.6,0.0124596,119.040,"addition"
2500,8.9,0.1016,39.6,0.0124596,119.190,"addition"
3150,8.9,0.1016,39.6,0.0124596,119.350,"addition"
4000,8.9,0.1016,39.6,0.0124596,116.220,"addition"
5000,8.9,0.1016,39.6,0.0124596,113.080,"addition"
6300,8.9,0.1016,39.6,0.0124596,113.110,"addition"
200,12.3,0.1016,71.3,0.0337792,130.588,"addition"
250,12.3,0.1016,71.3,0.0337792,131.568,"addition"
315,12.3,0.1016,71.3,0.0337792,137.068,"addition"
400,12.3,0.1016,71.3,0.0337792,139.428,"addition"
500,12.3,0.1016,71.3,0.0337792,140.158,"addition"
630,12.3,0.1016,71.3,0.0337792,135.368,"addition"
800,12.3,0.1016,71.3,0.0337792,127.318,"addition"
1000,12.3,0.1016,71.3,0.0337792,127.928,"addition"
1250,12.3,0.1016,71.3,0.0337792,126.648,"addition"
1600,12.3,0.1016,71.3,0.0337792,124.748,"addition"
2000,12.3,0.1016,71.3,0.0337792,122.218,"addition"
2500,12.3,0.1016,71.3,0.0337792,121.318,"addition"
3150,12.3,0.1016,71.3,0.0337792,120.798,"addition"
4000,12.3,0.1016,71.3,0.0337792,118.018,"addition"
5000,12.3,0.1016,71.3,0.0337792,116.108,"addition"
6300,12.3,0.1016,71.3,0.0337792,113.958,"addition"
200,12.3,0.1016,55.5,0.0368233,132.304,"addition"
250,12.3,0.1016,55.5,0.0368233,133.294,"addition"
315,12.3,0.1016,55.5,0.0368233,135.674,"addition"
400,12.3,0.1016,55.5,0.0368233,136.414,"addition"
500,12.3,0.1016,55.5,0.0368233,133.774,"addition"
630,12.3,0.1016,55.5,0.0368233,124.244,"addition"
800,12.3,0.1016,55.5,0.0368233,125.114,"addition"
1000,12.3,0.1016,55.5,0.0368233,125.484,"addition"
1250,12.3,0.1016,55.5,0.0368233,124.214,"addition"
1600,12.3,0.1016,55.5,0.0368233,121.824,"addition"
2000,12.3,0.1016,55.5,0.0368233,118.564,"addition"
2500,12.3,0.1016,55.5,0.0368233,117.054,"addition"
3150,12.3,0.1016,55.5,0.0368233,116.914,"addition"
4000,12.3,0.1016,55.5,0.0368233,114.404,"addition"
5000,12.3,0.1016,55.5,0.0368233,112.014,"addition"
6300,12.3,0.1016,55.5,0.0368233,110.124,"addition"
200,12.3,0.1016,39.6,0.0408268,128.545,"addition"
250,12.3,0.1016,39.6,0.0408268,129.675,"addition"
315,12.3,0.1016,39.6,0.0408268,129.415,"addition"
400,12.3,0.1016,39.6,0.0408268,128.265,"addition"
500,12.3,0.1016,39.6,0.0408268,122.205,"addition"
630,12.3,0.1016,39.6,0.0408268,121.315,"addition"
800,12.3,0.1016,39.6,0.0408268,122.315,"addition"
1000,12.3,0.1016,39.6,0.0408268,122.435,"addition"
1250,12.3,0.1016,39.6,0.0408268,121.165,"addition"
1600,12.3,0.1016,39.6,0.0408268,117.875,"addition"
2000,12.3,0.1016,39.6,0.0408268,114.085,"addition"
2500,12.3,0.1016,39.6,0.0408268,113.315,"addition"
3150,12.3,0.1016,39.6,0.0408268,113.055,"addition"
4000,12.3,0.1016,39.6,0.0408268,110.905,"addition"
5000,12.3,0.1016,39.6,0.0408268,108.625,"addition"
6300,12.3,0.1016,39.6,0.0408268,107.985,"addition"
200,12.3,0.1016,31.7,0.0418756,124.987,"addition"
250,12.3,0.1016,31.7,0.0418756,125.857,"addition"
315,12.3,0.1016,31.7,0.0418756,124.717,"addition"
400,12.3,0.1016,31.7,0.0418756,123.207,"addition"
500,12.3,0.1016,31.7,0.0418756,118.667,"addition"
630,12.3,0.1016,31.7,0.0418756,119.287,"addition"
800,12.3,0.1016,31.7,0.0418756,120.037,"addition"
1000,12.3,0.1016,31.7,0.0418756,119.777,"addition"
1250,12.3,0.1016,31.7,0.0418756,118.767,"addition"
1600,12.3,0.1016,31.7,0.0418756,114.477,"addition"
2000,12.3,0.1016,31.7,0.0418756,110.447,"addition"
2500,12.3,0.1016,31.7,0.0418756,110.317,"addition"
3150,12.3,0.1016,31.7,0.0418756,110.307,"addition"
4000,12.3,0.1016,31.7,0.0418756,108.407,"addition"
5000,12.3,0.1016,31.7,0.0418756,107.147,"addition"
6300,12.3,0.1016,31.7,0.0418756,107.267,"addition"
200,15.6,0.1016,71.3,0.0437259,130.898,"addition"
250,15.6,0.1016,71.3,0.0437259,132.158,"addition"
315,15.6,0.1016,71.3,0.0437259,133.808,"addition"
400,15.6,0.1016,71.3,0.0437259,134.058,"addition"
500,15.6,0.1016,71.3,0.0437259,130.638,"addition"
630,15.6,0.1016,71.3,0.0437259,122.288,"addition"
800,15.6,0.1016,71.3,0.0437259,124.188,"addition"
1000,15.6,0.1016,71.3,0.0437259,124.438,"addition"
1250,15.6,0.1016,71.3,0.0437259,123.178,"addition"
1600,15.6,0.1016,71.3,0.0437259,121.528,"addition"
2000,15.6,0.1016,71.3,0.0437259,119.888,"addition"
2500,15.6,0.1016,71.3,0.0437259,118.998,"addition"
3150,15.6,0.1016,71.3,0.0437259,116.468,"addition"
4000,15.6,0.1016,71.3,0.0437259,113.298,"addition"
200,15.6,0.1016,39.6,0.0528487,123.514,"addition"
250,15.6,0.1016,39.6,0.0528487,124.644,"addition"
315,15.6,0.1016,39.6,0.0528487,122.754,"addition"
400,15.6,0.1016,39.6,0.0528487,120.484,"addition"
500,15.6,0.1016,39.6,0.0528487,115.304,"addition"
630,15.6,0.1016,39.6,0.0528487,118.084,"addition"
800,15.6,0.1016,39.6,0.0528487,118.964,"addition"
1000,15.6,0.1016,39.6,0.0528487,119.224,"addition"
1250,15.6,0.1016,39.6,0.0528487,118.214,"addition"
1600,15.6,0.1016,39.6,0.0528487,114.554,"addition"
2000,15.6,0.1016,39.6,0.0528487,110.894,"addition"
2500,15.6,0.1016,39.6,0.0528487,110.264,"addition"
3150,15.6,0.1016,39.6,0.0528487,109.254,"addition"
4000,15.6,0.1016,39.6,0.0528487,106.604,"addition"
5000,15.6,0.1016,39.6,0.0528487,106.224,"addition"
6300,15.6,0.1016,39.6,0.0528487,104.204,"addition"
